ts,cpu_load,cpu_freq,memory_usage,cpu_temp,gpu_memory_usage,gpu_load,gpu_temp,hashrate,unpaid
11/10/2021 08:30:20,2.2,939.55,1271443456,35.0,8.0,0.0,33.0,,127800788
11/10/2021 08:30:31,0.2,827.32,1272037376,35.0,8.0,0.0,33.0,,127800788
11/10/2021 08:30:41,0.2,1397.36,1272389632,36.0,8.0,0.0,33.0,,127800788
11/10/2021 08:30:51,0.3,855.19,1273008128,35.0,8.0,0.0,33.0,,127800788
11/10/2021 08:31:01,0.4,816.71,1274392576,34.0,8.0,0.0,33.0,,127800788
11/10/2021 08:31:12,0.5,856.46,1274023936,33.0,8.0,0.0,33.0,,127800788
11/10/2021 08:31:22,0.2,869.08,1274626048,33.0,8.0,0.0,33.0,,127800788
11/10/2021 08:31:33,0.1,828.0,1274056704,34.0,8.0,0.0,33.0,,127800788
11/10/2021 08:31:43,0.2,839.34,1275015168,33.0,8.0,0.0,33.0,,127800788
11/10/2021 08:31:53,0.1,829.41,1274544128,34.0,8.0,0.0,33.0,,127800788
11/10/2021 08:32:03,0.2,838.76,1274617856,33.0,8.0,0.0,33.0,,127800788
11/10/2021 08:32:14,0.7,853.43,1275838464,33.0,8.0,0.0,33.0,,127800788
11/10/2021 08:32:24,0.4,848.17,1276022784,33.0,8.0,0.0,33.0,,127800788
11/10/2021 08:32:35,0.1,835.88,1275404288,32.0,8.0,0.0,33.0,,127800788
11/10/2021 08:32:45,0.2,1197.64,1275580416,32.0,8.0,0.0,33.0,,127800788
11/10/2021 08:32:55,0.1,846.08,1275961344,32.0,8.0,0.0,33.0,,127800788
11/10/2021 08:33:06,0.2,936.8,1273757696,32.0,8.0,0.0,33.0,,127800788
11/10/2021 08:33:16,0.1,846.61,1273372672,32.0,8.0,0.0,32.0,,127800788
11/10/2021 08:33:26,0.2,830.35,1273024512,32.0,8.0,0.0,32.0,,127800788
11/10/2021 08:33:37,0.1,840.06,1272442880,31.0,8.0,0.0,33.0,,127800788
11/10/2021 08:33:47,0.2,930.33,1274073088,31.0,8.0,0.0,32.0,,127800788
11/10/2021 08:33:57,0.1,833.66,1272336384,32.0,8.0,0.0,33.0,,127800788
11/10/2021 08:34:08,0.2,831.59,1272815616,30.0,8.0,0.0,32.0,,127800788
11/10/2021 08:34:18,0.1,821.32,1271345152,31.0,8.0,0.0,32.0,,127800788
11/10/2021 08:34:28,0.2,860.31,1272000512,32.0,8.0,0.0,32.0,,127800788
11/10/2021 08:34:39,0.1,936.41,1272377344,31.0,8.0,0.0,32.0,,127800788
11/10/2021 08:34:49,0.2,879.73,1273323520,31.0,8.0,0.0,32.0,,127800788
11/10/2021 08:34:59,0.2,919.55,1272168448,30.0,8.0,0.0,32.0,,127800788
11/10/2021 08:35:10,0.3,825.72,1265512448,31.0,8.0,0.0,32.0,,127800788
11/10/2021 08:35:20,0.2,817.1,1264091136,31.0,8.0,0.0,32.0,,127800788
11/10/2021 08:35:30,0.2,824.06,1265278976,30.0,8.0,0.0,32.0,,127800788
11/10/2021 08:35:41,0.1,821.0,1265381376,30.0,8.0,0.0,32.0,,127800788
11/10/2021 08:35:51,0.2,815.07,1265311744,30.0,8.0,0.0,32.0,,127800788
11/10/2021 08:36:01,0.1,894.86,1265225728,30.0,8.0,0.0,32.0,,127800788
11/10/2021 08:36:12,0.3,816.44,1264996352,30.0,8.0,0.0,32.0,,127800788
11/10/2021 08:36:22,0.1,851.22,1265180672,29.0,8.0,0.0,32.0,,127800788
11/10/2021 08:36:32,0.3,879.31,1265512448,30.0,8.0,0.0,32.0,,127800788
11/10/2021 08:36:43,0.1,815.92,1264431104,30.0,8.0,0.0,32.0,,127800788
11/10/2021 08:36:53,0.3,1097.78,1265008640,30.0,8.0,0.0,32.0,,127800788
11/10/2021 08:37:03,0.4,1097.86,1264488448,30.0,8.0,0.0,32.0,,127800788
11/10/2021 08:37:14,0.3,908.15,1265299456,30.0,8.0,0.0,32.0,,127800788
11/10/2021 08:37:24,0.1,845.0,1264652288,31.0,8.0,0.0,32.0,,127800788
11/10/2021 08:37:34,0.2,853.27,1264267264,30.0,8.0,0.0,32.0,,127800788
11/10/2021 08:37:45,0.1,868.42,1263878144,31.0,8.0,0.0,32.0,,127800788
11/10/2021 08:37:55,0.2,1197.86,1265332224,29.0,8.0,0.0,31.0,,127800788
11/10/2021 08:38:06,0.1,844.91,1265270784,30.0,8.0,0.0,32.0,,127800788
11/10/2021 08:38:16,0.2,825.1,1264881664,30.0,8.0,0.0,32.0,,127800788
11/10/2021 08:38:26,0.1,858.9,1264467968,30.0,8.0,0.0,31.0,,127800788
11/10/2021 08:38:37,0.2,917.12,1265430528,31.0,8.0,0.0,31.0,,127800788
11/10/2021 08:38:47,0.1,828.66,1266339840,30.0,8.0,0.0,31.0,,127800788
11/10/2021 08:38:57,0.2,872.83,1267503104,31.0,8.0,0.0,31.0,,127800788
11/10/2021 08:39:08,0.1,816.76,1266917376,30.0,8.0,0.0,31.0,,127800788
11/10/2021 08:39:18,0.2,816.75,1266978816,30.0,8.0,0.0,31.0,,127800788
11/10/2021 08:39:28,0.1,834.38,1267146752,29.0,8.0,0.0,31.0,,127800788
11/10/2021 08:39:39,0.2,815.3,1267011584,30.0,8.0,0.0,31.0,,127800788
11/10/2021 08:39:49,0.1,824.8,1267146752,30.0,8.0,0.0,31.0,,127800788
11/10/2021 08:39:59,0.2,872.36,1267011584,31.0,8.0,0.0,31.0,,127800788
11/10/2021 08:40:10,0.1,825.93,1265344512,30.0,8.0,0.0,31.0,,127800788
11/10/2021 08:40:20,0.2,838.76,1264713728,29.0,8.0,0.0,31.0,,127800788
11/10/2021 08:40:30,0.1,816.18,1265115136,30.0,8.0,0.0,31.0,,127800788
11/10/2021 08:40:41,0.2,837.21,1266262016,29.0,8.0,0.0,31.0,,127800788
11/10/2021 08:40:51,0.1,827.67,1265889280,30.0,8.0,0.0,31.0,,127800788
11/10/2021 08:41:02,0.3,1163.51,1266343936,29.0,8.0,0.0,31.0,,127800788
11/10/2021 08:41:12,0.1,831.12,1264926720,30.0,8.0,0.0,31.0,,127800788
11/10/2021 08:41:22,0.2,816.96,1265823744,30.0,8.0,0.0,31.0,,127800788
11/10/2021 08:41:32,0.1,842.6,1266733056,30.0,8.0,0.0,31.0,,127800788
11/10/2021 08:41:43,0.2,832.48,1266872320,30.0,8.0,0.0,31.0,,127800788
11/10/2021 08:41:53,0.1,1097.69,1265176576,30.0,8.0,0.0,31.0,,127800788
11/10/2021 08:42:04,0.2,1065.63,1265549312,30.0,8.0,0.0,31.0,,127800788
11/10/2021 08:42:14,0.1,842.94,1265700864,29.0,8.0,0.0,31.0,,127800788
11/10/2021 08:42:24,0.2,959.93,1266098176,30.0,8.0,0.0,31.0,,127800788
11/10/2021 08:42:34,0.1,829.1,1264701440,30.0,8.0,0.0,31.0,,127800788
11/10/2021 08:42:45,0.2,821.31,1264807936,29.0,8.0,0.0,31.0,,127800788
11/10/2021 08:42:55,0.1,821.12,1264218112,30.0,8.0,0.0,31.0,,127800788
11/10/2021 08:43:06,0.2,844.59,1264582656,29.0,8.0,0.0,31.0,,127800788
11/10/2021 08:43:16,0.1,815.18,1263161344,30.0,8.0,0.0,31.0,,127800788
11/10/2021 08:43:26,0.2,911.98,1264566272,29.0,8.0,0.0,31.0,,127800788
11/10/2021 08:43:37,0.1,808.91,1264717824,29.0,8.0,0.0,31.0,,127800788
11/10/2021 08:43:47,0.2,821.5,1264857088,29.0,8.0,0.0,31.0,,127800788
11/10/2021 08:43:57,0.1,816.6,1264496640,29.0,8.0,0.0,31.0,,127800788
11/10/2021 08:44:08,0.2,815.68,1265889280,29.0,8.0,0.0,31.0,,127800788
11/10/2021 08:44:18,0.1,840.69,1266077696,29.0,8.0,0.0,31.0,,127800788
11/10/2021 08:44:28,0.2,903.65,1265664000,29.0,8.0,0.0,31.0,,127800788
11/10/2021 08:44:39,0.1,817.11,1265045504,29.0,8.0,0.0,31.0,,127800788
11/10/2021 08:44:49,0.1,825.46,1264898048,29.0,8.0,0.0,31.0,,127800788
11/10/2021 08:44:59,0.1,867.38,1265561600,28.0,8.0,0.0,31.0,,127800788
11/10/2021 08:45:10,0.2,848.79,1265664000,29.0,8.0,0.0,31.0,,127800788
11/10/2021 08:45:20,0.1,833.75,1266110464,30.0,8.0,0.0,31.0,,127800788
11/10/2021 08:45:30,0.2,875.28,1267245056,29.0,8.0,0.0,31.0,,127800788
11/10/2021 08:45:41,0.1,960.46,1266851840,30.0,8.0,0.0,31.0,,127800788
11/10/2021 08:45:51,0.2,859.75,1265954816,28.0,8.0,0.0,31.0,,127800788
11/10/2021 08:46:01,0.1,862.86,1266429952,29.0,8.0,0.0,31.0,,127800788
11/10/2021 08:46:12,0.3,832.48,1265913856,28.0,8.0,0.0,31.0,,127800788
11/10/2021 08:46:22,0.1,867.03,1266081792,29.0,8.0,0.0,31.0,,127800788
11/10/2021 08:46:32,0.2,972.48,1265954816,30.0,8.0,0.0,31.0,,127800788
11/10/2021 08:46:43,0.1,862.04,1265848320,29.0,8.0,0.0,31.0,,127800788
11/10/2021 08:46:53,0.3,887.39,1266454528,30.0,8.0,0.0,31.0,,127800788
11/10/2021 08:47:03,0.1,938.87,1265909760,31.0,8.0,0.0,31.0,,127800788
11/10/2021 08:47:14,0.2,821.27,1266647040,29.0,8.0,0.0,31.0,,127800788
11/10/2021 08:47:24,0.1,894.38,1265807360,29.0,8.0,0.0,31.0,,127800788
11/10/2021 08:47:34,0.2,815.41,1266520064,29.0,8.0,0.0,31.0,,127800788
11/10/2021 08:47:45,0.1,820.31,1266421760,28.0,8.0,0.0,31.0,,127800788
11/10/2021 08:47:55,0.2,920.32,1267064832,29.0,8.0,0.0,31.0,,127800788
11/10/2021 08:48:05,0.1,834.95,1267027968,29.0,8.0,0.0,31.0,,127800788
11/10/2021 08:48:16,0.2,813.63,1267572736,29.0,8.0,0.0,31.0,,127800788
11/10/2021 08:48:26,0.1,816.95,1268023296,28.0,8.0,0.0,31.0,,127800788
11/10/2021 08:48:36,0.2,819.48,1268604928,28.0,8.0,0.0,31.0,,127800788
11/10/2021 08:48:47,0.1,828.11,1268248576,29.0,8.0,0.0,30.0,,127800788
11/10/2021 08:48:57,0.2,833.89,1268121600,30.0,8.0,0.0,31.0,,127800788
11/10/2021 08:49:07,0.1,825.84,1267068928,29.0,8.0,0.0,31.0,,127800788
11/10/2021 08:49:18,0.2,811.82,1268035584,29.0,8.0,0.0,31.0,,127800788
11/10/2021 08:49:28,0.1,837.16,1267941376,28.0,8.0,0.0,31.0,,127800788
11/10/2021 08:49:38,0.2,841.48,1268002816,28.0,8.0,0.0,31.0,,127800788
11/10/2021 08:49:49,0.1,842.5,1267642368,29.0,8.0,0.0,31.0,,127800788
11/10/2021 08:49:59,0.2,808.92,1268043776,29.0,8.0,0.0,31.0,,127800788
11/10/2021 08:50:09,0.1,836.09,1268436992,28.0,8.0,0.0,31.0,,127800788
11/10/2021 08:50:20,0.2,865.82,1268494336,29.0,8.0,0.0,31.0,,127800788
11/10/2021 08:50:30,0.1,850.82,1267884032,29.0,8.0,0.0,31.0,,127800788
11/10/2021 08:50:40,0.2,821.14,1268269056,29.0,8.0,0.0,31.0,,127800788
11/10/2021 08:50:51,0.1,830.74,1268207616,30.0,8.0,0.0,31.0,,127800788
11/10/2021 08:51:01,0.3,821.05,1267789824,28.0,8.0,0.0,31.0,,127800788
11/10/2021 08:51:12,0.1,2228.12,1267990528,29.0,8.0,0.0,31.0,,127800788
11/10/2021 08:51:22,0.2,1197.65,1268342784,29.0,8.0,0.0,31.0,,127800788
11/10/2021 08:51:32,0.1,921.98,1268764672,28.0,8.0,0.0,31.0,,127800788
11/10/2021 08:51:43,0.2,922.57,1269075968,29.0,8.0,0.0,31.0,,127800788
11/10/2021 08:51:53,0.1,1109.04,1268965376,28.0,8.0,0.0,31.0,,127800788
11/10/2021 08:52:03,0.3,1097.99,1267810304,30.0,8.0,0.0,31.0,,127800788
11/10/2021 08:52:14,0.3,863.67,1268015104,29.0,8.0,0.0,31.0,,127800788
11/10/2021 08:52:24,0.3,861.03,1267204096,28.0,8.0,0.0,31.0,,127800788
11/10/2021 08:52:34,0.1,864.2,1266892800,29.0,8.0,0.0,31.0,,127800788
11/10/2021 08:52:45,0.2,833.67,1267503104,29.0,8.0,0.0,31.0,,127800788
11/10/2021 08:52:55,0.1,827.29,1265909760,29.0,8.0,0.0,31.0,,127800788
11/10/2021 08:53:05,0.2,822.09,1265979392,29.0,8.0,0.0,31.0,,127800788
11/10/2021 08:53:16,0.1,890.57,1266675712,30.0,8.0,0.0,31.0,,127800788
11/10/2021 08:53:26,0.2,844.2,1267310592,29.0,8.0,0.0,31.0,,127800788
11/10/2021 08:53:36,0.1,836.41,1266982912,29.0,8.0,0.0,31.0,,127800788
11/10/2021 08:53:47,0.2,815.3,1266556928,28.0,8.0,0.0,31.0,,127800788
11/10/2021 08:53:57,0.1,862.86,1264885760,30.0,8.0,0.0,31.0,,127800788
11/10/2021 08:54:07,0.2,1074.37,1264967680,29.0,8.0,0.0,31.0,,127800788
11/10/2021 08:54:18,0.2,823.82,1264361472,29.0,8.0,0.0,31.0,,127800788
11/10/2021 08:54:28,0.2,862.71,1266266112,29.0,8.0,0.0,31.0,,127800788
11/10/2021 08:54:38,0.1,816.77,1266159616,29.0,8.0,0.0,31.0,,127800788
11/10/2021 08:54:49,0.2,859.99,1265774592,30.0,8.0,0.0,31.0,,127800788
11/10/2021 08:54:59,0.1,831.37,1265942528,29.0,8.0,0.0,31.0,,127800788
11/10/2021 08:55:09,0.2,834.47,1266548736,29.0,8.0,0.0,31.0,,127800788
11/10/2021 08:55:20,0.1,823.55,1266458624,29.0,8.0,0.0,31.0,,127800788
11/10/2021 08:55:30,0.2,825.49,1266032640,29.0,8.0,0.0,31.0,,127800788
11/10/2021 08:55:41,0.1,808.92,1265717248,29.0,8.0,0.0,31.0,,127800788
11/10/2021 08:55:51,0.2,866.77,1265549312,29.0,8.0,0.0,31.0,,127800788
11/10/2021 08:56:01,0.1,818.15,1265528832,29.0,8.0,0.0,31.0,,127800788
11/10/2021 08:56:12,0.2,1197.75,1266323456,28.0,8.0,0.0,31.0,,127800788
11/10/2021 08:56:22,0.1,835.03,1266499584,28.0,8.0,0.0,31.0,,127800788
11/10/2021 08:56:33,0.2,824.24,1266614272,29.0,8.0,0.0,31.0,,127800788
11/10/2021 08:56:43,0.1,865.55,1266515968,30.0,8.0,0.0,31.0,,127800788
11/10/2021 08:56:53,0.3,855.26,1266601984,29.0,8.0,0.0,31.0,,127800788
11/10/2021 08:57:04,0.1,842.41,1266323456,30.0,8.0,0.0,31.0,,127800788
11/10/2021 08:57:14,0.2,1097.32,1266851840,29.0,8.0,0.0,31.0,,127800788
11/10/2021 08:57:24,0.3,816.85,1265504256,28.0,8.0,0.0,31.0,,127800788
11/10/2021 08:57:35,0.2,854.9,1266077696,29.0,8.0,0.0,31.0,,127800788
11/10/2021 08:57:45,0.1,818.04,1265729536,28.0,8.0,0.0,31.0,,127800788
11/10/2021 08:57:55,0.2,842.42,1265561600,28.0,8.0,0.0,31.0,,127800788
11/10/2021 08:58:06,0.1,817.76,1265831936,29.0,8.0,0.0,31.0,,127800788
11/10/2021 08:58:16,0.2,872.69,1266626560,29.0,8.0,0.0,31.0,,127800788
11/10/2021 08:58:26,0.1,821.17,1266561024,29.0,8.0,0.0,31.0,,127800788
11/10/2021 08:58:37,0.2,817.59,1265893376,29.0,8.0,0.0,31.0,,127800788
11/10/2021 08:58:47,0.1,816.58,1266061312,28.0,8.0,0.0,31.0,,127800788
11/10/2021 08:58:57,0.2,822.96,1265377280,29.0,8.0,0.0,31.0,,127800788
11/10/2021 08:59:08,0.1,841.86,1266356224,28.0,8.0,0.0,31.0,,127800788
11/10/2021 08:59:18,0.2,933.96,1266118656,30.0,8.0,0.0,31.0,,127800788
11/10/2021 08:59:28,0.1,842.86,1265512448,29.0,8.0,0.0,31.0,,127800788
11/10/2021 08:59:39,0.2,860.14,1266892800,29.0,8.0,0.0,31.0,,127800788
11/10/2021 08:59:49,0.1,833.08,1266544640,29.0,8.0,0.0,31.0,,127800788
11/10/2021 08:59:59,0.2,860.48,1267924992,30.0,8.0,0.0,31.0,,127800788
11/10/2021 09:00:10,0.1,851.35,1269129216,30.0,8.0,0.0,31.0,,127800788
11/10/2021 09:00:20,0.2,816.72,1267441664,29.0,8.0,0.0,31.0,,127800788
11/10/2021 09:00:31,0.1,833.32,1267085312,29.0,8.0,0.0,31.0,,127800788
11/10/2021 09:00:41,0.1,837.95,1267400704,30.0,8.0,0.0,31.0,,127800788
11/10/2021 09:00:51,0.3,915.91,1266733056,29.0,8.0,0.0,31.0,,127800788
11/10/2021 09:01:02,0.5,1297.44,1265987584,29.0,8.0,0.0,31.0,,127800788
11/10/2021 09:01:12,4.2,966.93,1501138944,30.0,3207.0,1.0,36.0,,127800788
11/10/2021 09:01:22,0.2,897.72,1500950528,29.0,3207.0,1.0,39.0,,127800788
11/10/2021 09:01:33,0.3,921.23,1502048256,30.0,3207.0,1.0,42.0,,127800788
11/10/2021 09:01:43,0.1,838.16,1503039488,30.0,3207.0,1.0,45.0,,127800788
11/10/2021 09:01:53,0.2,847.66,1502969856,30.0,3207.0,1.0,47.0,,127800788
11/10/2021 09:02:04,0.9,990.8,1453076480,30.0,3207.0,1.0,51.0,,127800788
11/10/2021 09:02:14,0.2,1117.24,1452335104,31.0,3207.0,1.0,53.0,,127800788
11/10/2021 09:02:24,0.3,888.93,1452113920,30.0,3207.0,1.0,55.0,,127800788
11/10/2021 09:02:35,0.2,862.71,1452425216,30.0,3207.0,1.0,58.0,,127800788
11/10/2021 09:02:45,0.2,874.39,1452441600,31.0,3207.0,1.0,60.0,,127800788
11/10/2021 09:02:56,0.1,839.91,1452630016,30.0,3207.0,1.0,62.0,,127800788
11/10/2021 09:03:06,0.3,832.23,1453711360,30.0,3207.0,1.0,64.0,,127800788
11/10/2021 09:03:16,0.2,854.67,1452462080,31.0,3207.0,1.0,65.0,,127800788
11/10/2021 09:03:27,0.2,856.41,1452572672,31.0,3207.0,1.0,66.0,,127800788
11/10/2021 09:03:37,0.3,920.14,1452871680,31.0,3207.0,1.0,67.0,,127800788
11/10/2021 09:03:47,0.2,1002.47,1451540480,32.0,3207.0,1.0,68.0,,127800788
11/10/2021 09:03:58,0.2,982.09,1452580864,31.0,3207.0,1.0,69.0,,127800788
11/10/2021 09:04:08,0.3,907.31,1452081152,33.0,3207.0,1.0,69.0,,127800788
11/10/2021 09:04:18,0.1,871.3,1451958272,31.0,3207.0,1.0,70.0,,127800788
11/10/2021 09:04:29,0.2,886.98,1453580288,32.0,3207.0,1.0,70.0,,127800788
11/10/2021 09:04:39,0.3,883.05,1453305856,31.0,3207.0,1.0,71.0,,127800788
11/10/2021 09:04:50,0.1,885.77,1454223360,31.0,3207.0,1.0,72.0,,127800788
11/10/2021 09:05:00,0.7,855.04,1455267840,32.0,3207.0,1.0,72.0,,127800788
11/10/2021 09:05:10,0.2,3592.6,1455218688,32.0,3207.0,1.0,72.0,,127800788
11/10/2021 09:05:20,0.1,810.67,1455173632,32.0,3207.0,1.0,72.0,,127800788
11/10/2021 09:05:31,0.3,1091.96,1455116288,32.0,3207.0,0.99,73.0,,127800788
11/10/2021 09:05:41,0.3,892.98,1456545792,33.0,3207.0,1.0,73.0,,127800788
11/10/2021 09:05:52,0.1,822.13,1456439296,31.0,3207.0,1.0,73.0,,127800788
11/10/2021 09:06:02,0.2,875.38,1456979968,32.0,3207.0,1.0,73.0,,127800788
11/10/2021 09:06:12,0.2,1142.09,1456496640,33.0,3207.0,1.0,74.0,,127800788
11/10/2021 09:06:23,0.1,936.29,1456381952,32.0,3207.0,1.0,74.0,,127800788
11/10/2021 09:06:33,0.3,856.48,1456906240,33.0,3207.0,1.0,74.0,,127800788
11/10/2021 09:06:43,0.2,866.28,1455857664,32.0,3207.0,1.0,74.0,,127800788
11/10/2021 09:06:54,0.7,830.34,1457680384,33.0,3207.0,1.0,74.0,,127800788
11/10/2021 09:07:04,0.2,906.8,1456922624,33.0,3207.0,1.0,74.0,,127800788
11/10/2021 09:07:14,0.3,868.22,1457422336,33.0,3207.0,1.0,75.0,,127800788
11/10/2021 09:07:25,0.1,868.44,1457324032,34.0,3207.0,1.0,75.0,,127800788
11/10/2021 09:07:35,0.2,836.35,1458384896,33.0,3207.0,1.0,75.0,,127800788
11/10/2021 09:07:45,0.2,877.05,1459912704,34.0,3207.0,1.0,75.0,,127800788
11/10/2021 09:07:56,0.2,826.83,1459572736,33.0,3207.0,1.0,75.0,,127800788
11/10/2021 09:08:06,0.3,871.23,1460170752,33.0,3207.0,1.0,75.0,,127800788
11/10/2021 09:08:16,0.2,871.22,1459896320,33.0,3207.0,1.0,75.0,,127800788
11/10/2021 09:08:27,0.1,841.01,1459789824,34.0,3207.0,1.0,75.0,,127800788
11/10/2021 09:08:37,0.2,901.44,1459830784,34.0,3207.0,1.0,75.0,,127800788
11/10/2021 09:08:47,0.2,844.74,1459814400,33.0,3207.0,1.0,75.0,,127800788
11/10/2021 09:08:58,0.1,837.05,1459216384,34.0,3207.0,1.0,75.0,,127800788
11/10/2021 09:09:08,0.3,1097.9,1459032064,33.0,3207.0,1.0,75.0,,127800788
11/10/2021 09:09:18,0.3,969.04,1460088832,33.0,3207.0,1.0,76.0,,127800788
11/10/2021 09:09:29,0.2,844.95,1459400704,32.0,3207.0,1.0,76.0,,127800788
11/10/2021 09:09:39,0.2,817.31,1459539968,33.0,3207.0,1.0,76.0,,127800788
11/10/2021 09:09:49,0.1,816.71,1459433472,34.0,3207.0,1.0,76.0,,127800788
11/10/2021 09:10:00,0.1,1298.46,1459834880,34.0,3207.0,1.0,76.0,,127800788
11/10/2021 09:10:10,0.3,1550.6,1460228096,35.0,3207.0,1.0,76.0,,127800788
11/10/2021 09:10:20,0.2,856.09,1459437568,33.0,3207.0,1.0,76.0,,127800788
11/10/2021 09:10:31,0.7,842.55,1459580928,35.0,3207.0,1.0,76.0,,127800788
11/10/2021 09:10:41,0.4,885.92,1461538816,33.0,3207.0,1.0,76.0,119772.51,127800788
11/10/2021 09:10:52,0.2,852.95,1460908032,34.0,3207.0,1.0,76.0,119772.51,127800788
11/10/2021 09:11:02,0.2,1573.96,1460867072,34.0,3207.0,1.0,76.0,119772.51,127800788
11/10/2021 09:11:12,0.2,904.47,1459933184,34.0,3207.0,1.0,76.0,119772.51,127800788
11/10/2021 09:11:23,0.1,834.99,1459343360,34.0,3207.0,1.0,76.0,119772.51,127800788
11/10/2021 09:11:33,0.3,845.68,1459400704,35.0,3207.0,1.0,76.0,119772.51,127800788
11/10/2021 09:11:43,0.2,864.41,1460150272,33.0,3207.0,1.0,76.0,119772.51,127800788
11/10/2021 09:11:54,0.1,852.13,1461075968,34.0,3207.0,1.0,76.0,119772.51,127800788
11/10/2021 09:12:04,0.2,863.66,1461149696,34.0,3207.0,1.0,76.0,119772.51,127800788
11/10/2021 09:12:15,0.3,1098.32,1459875840,33.0,3207.0,1.0,76.0,119772.51,127800788
11/10/2021 09:12:25,0.2,857.48,1459765248,33.0,3207.0,1.0,76.0,119772.51,127800788
11/10/2021 09:12:35,0.2,904.14,1461387264,34.0,3207.0,1.0,76.0,119772.51,127800788
11/10/2021 09:12:45,0.2,868.35,1461780480,34.0,3207.0,1.0,76.0,119772.51,127800788
11/10/2021 09:12:56,0.1,843.46,1461006336,35.0,3207.0,1.0,76.0,119772.51,127800788
11/10/2021 09:13:06,0.2,845.88,1460862976,34.0,3207.0,1.0,76.0,119772.51,127800788
11/10/2021 09:13:17,0.1,825.25,1460064256,34.0,3207.0,1.0,76.0,119772.51,127800788
11/10/2021 09:13:27,0.1,880.07,1459961856,34.0,3207.0,1.0,76.0,119772.51,127800788
11/10/2021 09:13:37,0.2,936.14,1460551680,35.0,3207.0,1.0,76.0,119772.51,127800788
11/10/2021 09:13:47,0.2,945.28,1460510720,34.0,3207.0,1.0,76.0,119772.51,127800788
11/10/2021 09:13:58,0.2,825.14,1460453376,34.0,3207.0,1.0,76.0,119772.51,127800788
11/10/2021 09:14:08,0.3,891.9,1461559296,34.0,3207.0,1.0,76.0,119772.51,127800788
11/10/2021 09:14:19,0.3,835.38,1461800960,33.0,3207.0,1.0,76.0,119772.51,127800788
11/10/2021 09:14:29,0.2,851.56,1460502528,34.0,3207.0,1.0,76.0,119772.51,127800788
11/10/2021 09:14:39,0.3,904.36,1461035008,34.0,3207.0,1.0,76.0,119772.51,127800788
11/10/2021 09:14:50,0.6,894.21,1460535296,34.0,3207.0,1.0,76.0,119772.51,127800788
11/10/2021 09:15:00,0.2,1024.61,1460953088,35.0,3207.0,1.0,76.0,119772.51,127800788
11/10/2021 09:15:10,0.3,858.69,1461506048,34.0,3207.0,1.0,76.0,119772.51,127800788
11/10/2021 09:15:21,0.1,832.31,1461141504,35.0,3207.0,1.0,75.0,119772.51,127800788
11/10/2021 09:15:32,0.2,937.78,1461248000,35.0,3207.0,1.0,75.0,119772.51,127800788
11/10/2021 09:15:42,0.3,876.99,1461473280,34.0,3207.0,1.0,76.0,119772.51,127800788
11/10/2021 09:15:52,0.2,1003.24,1460948992,34.0,3207.0,1.0,76.0,119772.51,127800788
11/10/2021 09:16:03,0.2,981.91,1461444608,35.0,3207.0,1.0,76.0,119772.51,127800788
11/10/2021 09:16:13,0.3,880.25,1461395456,35.0,3207.0,1.0,76.0,119772.51,127800788
11/10/2021 09:16:24,0.1,839.19,1460772864,35.0,3207.0,1.0,76.0,119772.51,127800788
11/10/2021 09:16:34,0.2,939.69,1460846592,36.0,3207.0,1.0,76.0,119772.51,127800788
11/10/2021 09:16:45,0.2,919.07,1461346304,35.0,3207.0,1.0,76.0,119772.51,127800788
11/10/2021 09:16:55,0.3,831.03,1461432320,35.0,3207.0,1.0,76.0,119772.51,127800788
11/10/2021 09:17:06,0.2,878.78,1461760000,34.0,3207.0,1.0,76.0,119772.51,127800788
11/10/2021 09:17:16,0.2,1097.92,1461538816,35.0,3207.0,1.0,76.0,119772.51,127800788
11/10/2021 09:17:27,0.3,895.28,1460940800,34.0,3207.0,1.0,75.0,119772.51,127800788
11/10/2021 09:17:37,0.2,1180.49,1460989952,34.0,3207.0,1.0,76.0,119772.51,127800788
11/10/2021 09:17:47,0.2,873.19,1460674560,33.0,3207.0,1.0,76.0,119772.51,127800788
11/10/2021 09:17:58,0.6,1209.12,1460424704,34.0,3207.0,1.0,76.0,119772.51,127800788
11/10/2021 09:18:08,0.3,875.57,1459933184,34.0,3207.0,1.0,76.0,119772.51,127800788
11/10/2021 09:18:19,0.2,838.17,1459650560,35.0,3207.0,1.0,76.0,119772.51,127800788
11/10/2021 09:18:29,0.2,1313.5,1459544064,35.0,3207.0,1.0,76.0,119772.51,127800788
11/10/2021 09:18:40,0.2,1055.09,1459359744,34.0,3207.0,1.0,76.0,119772.51,127800788
11/10/2021 09:18:50,0.2,898.04,1458995200,33.0,3207.0,1.0,76.0,119772.51,127800788
11/10/2021 09:19:00,0.2,883.84,1460035584,34.0,3207.0,1.0,76.0,119772.51,127800788
11/10/2021 09:19:11,0.3,834.02,1459314688,35.0,3207.0,1.0,76.0,119772.51,127800788
11/10/2021 09:19:21,0.1,894.16,1459195904,35.0,3207.0,1.0,76.0,119772.51,127800788
11/10/2021 09:19:32,0.2,887.96,1459228672,35.0,3207.0,1.0,76.0,119772.51,127800788
11/10/2021 09:19:42,0.2,835.91,1459429376,35.0,3207.0,1.0,76.0,119772.51,127800788
11/10/2021 09:19:52,0.1,901.08,1458622464,34.0,3207.0,1.0,77.0,119772.51,127800788
11/10/2021 09:20:03,0.2,899.67,1459646464,35.0,3207.0,1.0,76.0,119772.51,127800788
11/10/2021 09:20:13,0.2,922.24,1459441664,35.0,3207.0,1.0,76.0,119772.51,127800788
11/10/2021 09:20:24,0.2,855.59,1460387840,35.0,3207.0,1.0,76.0,119772.51,127800788
11/10/2021 09:20:34,0.2,963.97,1460441088,35.0,3207.0,1.0,76.0,119772.51,127800788
11/10/2021 09:20:44,0.2,859.01,1460424704,36.0,3207.0,1.0,76.0,119772.51,127800788
11/10/2021 09:20:55,0.2,880.66,1460080640,35.0,3207.0,1.0,76.0,119772.51,127800788
11/10/2021 09:21:05,0.3,979.11,1460166656,36.0,3207.0,1.0,76.0,359317.53,127800788
11/10/2021 09:21:16,0.2,866.53,1459376128,34.0,3207.0,1.0,76.0,359317.53,127800788
11/10/2021 09:21:27,0.3,1083.84,1459367936,35.0,3207.0,1.0,76.0,359317.53,127800788
11/10/2021 09:21:37,0.3,957.12,1459568640,34.0,3207.0,1.0,76.0,359317.53,127800788
11/10/2021 09:21:47,0.2,862.05,1459003392,35.0,3207.0,1.0,77.0,359317.53,127800788
11/10/2021 09:21:58,0.1,816.79,1458974720,35.0,3207.0,1.0,76.0,359317.53,127800788
11/10/2021 09:22:08,0.7,1097.96,1459773440,34.0,3207.0,1.0,76.0,359317.53,127800788
11/10/2021 09:22:19,0.2,865.12,1459437568,34.0,3207.0,1.0,76.0,359317.53,127800788
11/10/2021 09:22:29,0.1,1081.22,1459957760,34.0,3207.0,1.0,76.0,359317.53,127800788
11/10/2021 09:22:39,0.2,1079.05,1459793920,35.0,3207.0,1.0,76.0,359317.53,127800788
11/10/2021 09:22:50,0.2,856.97,1459396608,35.0,3207.0,1.0,76.0,359317.53,127800788
11/10/2021 09:23:00,0.2,1588.1,1460887552,34.0,3207.0,1.0,76.0,359317.53,127800788
11/10/2021 09:23:10,0.2,870.43,1461260288,34.0,3207.0,1.0,76.0,359317.53,127800788
11/10/2021 09:23:21,0.2,853.54,1460637696,35.0,3207.0,1.0,76.0,359317.53,127800788
11/10/2021 09:23:31,0.2,835.15,1460584448,35.0,3207.0,1.0,76.0,359317.53,127800788
11/10/2021 09:23:41,0.2,911.99,1460436992,34.0,3207.0,1.0,76.0,359317.53,127800788
11/10/2021 09:23:52,0.2,841.35,1460936704,35.0,3207.0,1.0,76.0,359317.53,127800788
11/10/2021 09:24:02,0.3,836.07,1461403648,35.0,3207.0,1.0,76.0,359317.53,127800788
11/10/2021 09:24:12,0.2,878.1,1461936128,34.0,3207.0,1.0,76.0,359317.53,127800788
11/10/2021 09:24:23,0.1,1001.66,1462108160,35.0,3207.0,1.0,76.0,359317.53,127800788
11/10/2021 09:24:33,0.2,850.43,1462472704,34.0,3207.0,1.0,76.0,359317.53,127800788
11/10/2021 09:24:44,0.2,875.32,1462198272,36.0,3207.0,1.0,76.0,359317.53,127800788
11/10/2021 09:24:54,0.1,874.99,1462349824,35.0,3207.0,1.0,76.0,359317.53,127800788
11/10/2021 09:25:04,0.3,887.89,1461649408,35.0,3207.0,1.0,76.0,359317.53,127800788
11/10/2021 09:25:15,0.2,856.55,1461665792,35.0,3207.0,1.0,76.0,359317.53,127800788
11/10/2021 09:25:25,0.2,826.24,1461817344,36.0,3207.0,1.0,76.0,359317.53,127800788
11/10/2021 09:25:35,0.2,959.56,1461858304,35.0,3207.0,1.0,76.0,359317.53,127800788
11/10/2021 09:25:46,0.2,826.55,1461325824,35.0,3207.0,1.0,75.0,359317.53,127800788
11/10/2021 09:25:56,0.1,832.96,1460445184,35.0,3207.0,1.0,76.0,359317.53,127800788
11/10/2021 09:26:06,0.2,887.89,1462067200,35.0,3207.0,1.0,76.0,359317.53,127800788
11/10/2021 09:26:17,0.2,851.32,1461534720,36.0,3207.0,1.0,75.0,359317.53,127800788
11/10/2021 09:26:27,0.1,924.37,1460686848,34.0,3207.0,1.0,76.0,359317.53,127800788
11/10/2021 09:26:38,0.3,1009.56,1461600256,34.0,3207.0,1.0,75.0,359317.53,127800788
11/10/2021 09:26:48,0.2,873.03,1461194752,35.0,3207.0,1.0,76.0,359317.53,127800788
11/10/2021 09:26:58,0.3,889.97,1459597312,35.0,3207.0,1.0,75.0,359317.53,127800788
11/10/2021 09:27:09,0.3,926.11,1460727808,35.0,3207.0,1.0,76.0,359317.53,127800788
11/10/2021 09:27:19,0.3,1097.84,1460371456,35.0,3207.0,1.0,75.0,359317.53,127800788
11/10/2021 09:27:30,0.4,1097.98,1460137984,35.0,3207.0,1.0,76.0,359317.53,127800788
11/10/2021 09:27:40,0.5,1097.82,1460371456,35.0,3207.0,1.0,75.0,359317.53,127800788
11/10/2021 09:27:50,0.8,1132.07,1461678080,34.0,3207.0,1.0,75.0,359317.53,127800788
11/10/2021 09:28:01,0.4,1387.86,1463910400,35.0,3207.0,1.0,76.0,359317.53,127800788
11/10/2021 09:28:11,0.3,867.42,1462411264,35.0,3207.0,1.0,76.0,359317.53,127800788
11/10/2021 09:28:21,0.1,893.7,1462046720,35.0,3207.0,1.0,76.0,359317.53,127800788
11/10/2021 09:28:32,0.2,968.19,1461813248,35.0,3207.0,1.0,76.0,359317.53,127800788
11/10/2021 09:28:42,0.2,818.94,1462878208,36.0,3207.0,1.0,76.0,359317.53,127800788
11/10/2021 09:28:52,0.1,821.68,1463021568,35.0,3207.0,1.0,76.0,359317.53,127800788
11/10/2021 09:29:03,0.3,851.32,1462280192,35.0,3207.0,1.0,76.0,359317.53,127800788
11/10/2021 09:29:13,0.2,869.91,1461391360,34.0,3207.0,1.0,76.0,359317.53,127800788
11/10/2021 09:29:23,0.2,838.11,1463214080,34.0,3207.0,1.0,76.0,359317.53,127800788
11/10/2021 09:29:34,0.2,913.44,1463803904,34.0,3207.0,1.0,76.0,359317.53,127800788
11/10/2021 09:29:44,0.2,895.13,1463271424,35.0,3207.0,1.0,76.0,359317.53,127800788
11/10/2021 09:29:54,0.1,884.01,1463488512,35.0,3207.0,1.0,76.0,359317.53,127800788
11/10/2021 09:30:05,0.3,812.34,1462726656,35.0,3207.0,1.0,76.0,359317.53,127800788
11/10/2021 09:30:15,0.3,868.28,1462767616,35.0,3207.0,1.0,76.0,359317.53,127800788
11/10/2021 09:30:25,0.2,1256.8,1464782848,34.0,3207.0,1.0,76.0,359317.53,127800788
11/10/2021 09:30:36,0.6,907.39,1464823808,35.0,3207.0,1.0,76.0,359317.53,127800788
11/10/2021 09:30:46,0.2,845.67,1464750080,35.0,3207.0,1.0,76.0,359317.53,127800788
11/10/2021 09:30:56,0.1,865.79,1465184256,34.0,3207.0,1.0,76.0,359317.53,127800788
11/10/2021 09:31:07,1.0,877.21,1465577472,35.0,3207.0,1.0,76.0,359317.53,127800788
11/10/2021 09:31:17,0.2,906.55,1463197696,35.0,3207.0,1.0,76.0,359317.53,127800788
11/10/2021 09:31:27,0.3,852.34,1462648832,35.0,3207.0,1.0,76.0,598862.54,127800788
11/10/2021 09:31:38,0.2,998.18,1463939072,35.0,3207.0,1.0,77.0,598862.54,127800788
11/10/2021 09:31:48,0.2,929.39,1464381440,35.0,3207.0,1.0,77.0,598862.54,127800788
11/10/2021 09:31:58,0.3,875.37,1463144448,36.0,3207.0,1.0,76.0,598862.54,127800788
11/10/2021 09:32:09,0.2,864.0,1462779904,33.0,3207.0,1.0,76.0,598862.54,127800788
11/10/2021 09:32:19,0.2,824.39,1464659968,35.0,3207.0,1.0,77.0,598862.54,127800788
11/10/2021 09:32:29,0.2,894.27,1463902208,35.0,3207.0,1.0,77.0,598862.54,127800788
11/10/2021 09:32:40,0.2,966.23,1463463936,36.0,3207.0,1.0,77.0,598862.54,127800788
11/10/2021 09:32:50,0.2,936.79,1462538240,34.0,3207.0,1.0,77.0,598862.54,127800788
11/10/2021 09:33:01,0.2,844.42,1462267904,35.0,3207.0,1.0,77.0,598862.54,127800788
11/10/2021 09:33:11,0.2,819.53,1463115776,35.0,3207.0,1.0,77.0,598862.54,127800788
11/10/2021 09:33:21,0.3,959.16,1463296000,35.0,3207.0,1.0,77.0,598862.54,127800788
11/10/2021 09:33:32,0.5,989.78,1463279616,36.0,3207.0,1.0,77.0,598862.54,127800788
11/10/2021 09:33:42,0.2,819.0,1464303616,34.0,3207.0,1.0,77.0,598862.54,127800788
11/10/2021 09:33:52,0.2,914.76,1463926784,35.0,3207.0,1.0,77.0,598862.54,127800788
11/10/2021 09:34:03,0.3,867.6,1464176640,35.0,3207.0,1.0,77.0,598862.54,127800788
11/10/2021 09:34:13,0.2,864.33,1463644160,35.0,3207.0,1.0,77.0,598862.54,127800788
11/10/2021 09:34:23,0.2,853.86,1463484416,35.0,3207.0,1.0,77.0,598862.54,127800788
11/10/2021 09:34:34,0.1,816.84,1463136256,35.0,3207.0,1.0,77.0,598862.54,127800788
11/10/2021 09:34:44,0.2,845.08,1463775232,35.0,3207.0,1.0,77.0,598862.54,127800788
11/10/2021 09:34:54,0.3,920.72,1463635968,35.0,3207.0,1.0,77.0,598862.54,127800788
11/10/2021 09:35:05,0.2,821.33,1463271424,34.0,3207.0,1.0,77.0,598862.54,127800788
11/10/2021 09:35:15,0.2,854.69,1463132160,35.0,3207.0,1.0,77.0,598862.54,127800788
11/10/2021 09:35:25,0.2,971.81,1463005184,35.0,3207.0,1.0,77.0,598862.54,127800788
11/10/2021 09:35:36,0.2,869.38,1462898688,35.0,3207.0,1.0,77.0,598862.54,127800788
11/10/2021 09:35:46,0.2,837.83,1462620160,35.0,3207.0,1.0,77.0,598862.54,127800788
11/10/2021 09:35:56,0.2,948.76,1464537088,35.0,3207.0,1.0,77.0,598862.54,127800788
11/10/2021 09:36:07,0.1,863.35,1463975936,35.0,3207.0,1.0,77.0,598862.54,127800788
11/10/2021 09:36:17,0.3,855.98,1464225792,34.0,3207.0,1.0,77.0,598862.54,127800788
11/10/2021 09:36:28,0.2,861.02,1463709696,35.0,3207.0,1.0,77.0,598862.54,127800788
11/10/2021 09:36:38,0.1,885.78,1463894016,36.0,3207.0,1.0,77.0,598862.54,127800788
11/10/2021 09:36:48,0.2,855.74,1463369728,35.0,3207.0,1.0,77.0,598862.54,127800788
11/10/2021 09:36:59,0.3,822.91,1465253888,35.0,3207.0,1.0,77.0,598862.54,127800788
11/10/2021 09:37:09,0.2,837.06,1465167872,34.0,3207.0,1.0,77.0,598862.54,127800788
11/10/2021 09:37:19,0.2,908.9,1465208832,35.0,3207.0,1.0,77.0,598862.54,127800788
11/10/2021 09:37:30,0.2,848.42,1464934400,36.0,3207.0,1.0,77.0,598862.54,127800788
11/10/2021 09:37:40,0.2,868.21,1464823808,35.0,3207.0,1.0,77.0,598862.54,127800788
11/10/2021 09:37:51,0.7,1302.73,1465704448,35.0,3207.0,1.0,77.0,598862.54,127800788
11/10/2021 09:38:01,0.3,1115.54,1464659968,36.0,3207.0,1.0,77.0,598862.54,127800788
11/10/2021 09:38:11,0.2,872.56,1463734272,35.0,3207.0,1.0,77.0,598862.54,127800788
11/10/2021 09:38:22,0.2,839.34,1463783424,35.0,3207.0,1.0,77.0,598862.54,127800788
11/10/2021 09:38:32,0.2,925.98,1464807424,35.0,3207.0,1.0,77.0,598862.54,127800788
11/10/2021 09:38:42,0.1,856.02,1465204736,35.0,3207.0,1.0,77.0,598862.54,127800788
11/10/2021 09:38:53,0.3,830.24,1464721408,36.0,3207.0,1.0,77.0,598862.54,127800788
11/10/2021 09:39:03,0.2,844.14,1465548800,36.0,3207.0,1.0,77.0,598862.54,127800788
11/10/2021 09:39:13,0.2,884.11,1465446400,35.0,3207.0,1.0,77.0,598862.54,127800788
11/10/2021 09:39:24,0.3,945.25,1465769984,34.0,3207.0,1.0,77.0,598862.54,127800788
11/10/2021 09:39:34,0.3,1197.96,1466294272,35.0,3207.0,1.0,77.0,598862.54,127800788
11/10/2021 09:39:44,0.2,954.14,1466544128,35.0,3207.0,1.0,77.0,598862.54,127800788
11/10/2021 09:39:55,0.3,1027.85,1466462208,35.0,3207.0,1.0,77.0,598862.54,127800788
11/10/2021 09:40:05,0.6,862.07,1465929728,35.0,3207.0,1.0,77.0,598862.54,127800788
11/10/2021 09:40:15,0.3,885.52,1466339328,35.0,3207.0,1.0,77.0,598862.54,127800788
11/10/2021 09:40:26,0.3,863.05,1465905152,35.0,3207.0,1.0,77.0,598862.54,127800788
11/10/2021 09:40:36,0.1,887.65,1464250368,35.0,3207.0,1.0,77.0,598862.54,127800788
11/10/2021 09:40:46,0.2,884.72,1466261504,35.0,3207.0,1.0,77.0,838407.56,127800788
11/10/2021 09:40:57,0.3,1082.58,1466114048,35.0,3207.0,1.0,77.0,838407.56,127800788
11/10/2021 09:41:07,0.2,891.43,1466073088,35.0,3207.0,1.0,77.0,838407.56,127800788
11/10/2021 09:41:17,0.5,912.22,1465831424,36.0,3207.0,1.0,77.0,838407.56,127800788
11/10/2021 09:41:28,0.5,847.69,1465540608,35.0,3207.0,1.0,77.0,838407.56,127800788
11/10/2021 09:41:38,1.0,987.8,1465733120,35.0,3207.0,1.0,77.0,838407.56,127800788
11/10/2021 09:41:48,0.7,882.27,1466425344,35.0,3207.0,1.0,77.0,838407.56,127800788
11/10/2021 09:41:59,0.8,850.88,1465683968,35.0,3207.0,1.0,77.0,838407.56,127800788
11/10/2021 09:42:09,0.6,822.46,1464586240,34.0,3207.0,1.0,76.0,838407.56,127800788
11/10/2021 09:42:20,0.7,902.61,1464659968,35.0,3207.0,1.0,77.0,838407.56,127800788
11/10/2021 09:42:30,0.6,922.59,1464619008,36.0,3207.0,1.0,77.0,838407.56,127800788
11/10/2021 09:42:40,0.2,864.72,1464221696,35.0,3207.0,1.0,77.0,838407.56,127800788
11/10/2021 09:42:50,0.3,1097.48,1464811520,35.0,3207.0,1.0,77.0,838407.56,127800788
11/10/2021 09:43:01,0.4,1107.9,1464315904,35.0,3207.0,1.0,76.0,838407.56,127800788
11/10/2021 09:43:11,0.4,868.98,1464774656,34.0,3207.0,1.0,76.0,838407.56,127800788
11/10/2021 09:43:22,0.3,889.22,1465044992,36.0,3207.0,1.0,76.0,838407.56,127800788
11/10/2021 09:43:32,0.2,827.89,1463738368,35.0,3207.0,1.0,76.0,838407.56,127800788
11/10/2021 09:43:42,0.2,856.77,1464881152,34.0,3207.0,1.0,76.0,838407.56,127800788
11/10/2021 09:43:53,0.3,1195.26,1464766464,34.0,3207.0,1.0,76.0,838407.56,127800788
11/10/2021 09:44:03,0.2,2932.66,1463160832,34.0,3207.0,1.0,76.0,838407.56,127800788
11/10/2021 09:44:13,0.2,891.21,1463029760,34.0,3207.0,1.0,76.0,838407.56,127800788
11/10/2021 09:44:24,0.3,1020.61,1463226368,36.0,3207.0,1.0,76.0,838407.56,127800788
11/10/2021 09:44:34,0.2,847.65,1463136256,35.0,3207.0,1.0,76.0,838407.56,127800788
11/10/2021 09:44:44,0.1,908.86,1463844864,34.0,3207.0,1.0,76.0,838407.56,127800788
11/10/2021 09:44:55,0.2,868.45,1463918592,35.0,3207.0,1.0,76.0,838407.56,127800788
11/10/2021 09:45:05,0.2,899.22,1463623680,34.0,3207.0,1.0,76.0,838407.56,127800788
11/10/2021 09:45:15,0.3,862.23,1464377344,35.0,3207.0,1.0,76.0,838407.56,127800788
11/10/2021 09:45:26,0.2,824.96,1464283136,35.0,3207.0,1.0,76.0,838407.56,127800788
11/10/2021 09:45:36,0.2,900.38,1464836096,36.0,3207.0,1.0,76.0,838407.56,127800788
11/10/2021 09:45:46,0.2,858.03,1465520128,34.0,3207.0,1.0,76.0,838407.56,127800788
11/10/2021 09:45:57,0.2,845.88,1465053184,35.0,3207.0,1.0,76.0,838407.56,127800788
11/10/2021 09:46:07,0.2,892.32,1464750080,35.0,3207.0,1.0,76.0,838407.56,127800788
11/10/2021 09:46:18,0.2,913.02,1464741888,35.0,3207.0,0.99,76.0,838407.56,127800788
11/10/2021 09:46:28,0.2,874.58,1465290752,35.0,3207.0,1.0,76.0,838407.56,127800788
11/10/2021 09:46:38,0.1,866.8,1465176064,35.0,3207.0,1.0,76.0,838407.56,127800788
11/10/2021 09:46:49,0.2,1497.22,1465507840,35.0,3207.0,1.0,76.0,838407.56,127800788
11/10/2021 09:46:59,0.3,847.64,1465491456,35.0,3207.0,1.0,76.0,838407.56,127800788
11/10/2021 09:47:09,0.2,845.36,1465610240,34.0,3207.0,1.0,76.0,838407.56,127800788
11/10/2021 09:47:20,0.2,825.75,1465937920,35.0,3207.0,1.0,76.0,838407.56,127800788
11/10/2021 09:47:30,0.5,871.11,1465401344,35.0,3207.0,1.0,76.0,838407.56,127800788
11/10/2021 09:47:40,0.2,819.78,1465819136,36.0,3207.0,1.0,76.0,838407.56,127800788
11/10/2021 09:47:51,0.2,856.41,1466384384,36.0,3207.0,1.0,77.0,838407.56,127800788
11/10/2021 09:48:01,0.2,820.86,1466114048,34.0,3207.0,1.0,77.0,838407.56,127800788
11/10/2021 09:48:11,0.2,817.36,1465511936,35.0,3207.0,1.0,77.0,838407.56,127800788
11/10/2021 09:48:22,0.3,871.44,1466359808,35.0,3207.0,1.0,77.0,838407.56,127800788
11/10/2021 09:48:32,0.2,843.34,1466085376,35.0,3207.0,1.0,77.0,838407.56,127800788
11/10/2021 09:48:42,0.2,948.42,1465487360,34.0,3207.0,1.0,77.0,838407.56,127800788
11/10/2021 09:48:53,0.2,808.94,1465180160,35.0,3207.0,1.0,77.0,838407.56,127800788
11/10/2021 09:49:03,0.2,814.01,1465978880,35.0,3207.0,1.0,77.0,838407.56,127800788
11/10/2021 09:49:14,0.2,894.25,1466085376,36.0,3207.0,1.0,77.0,838407.56,127800788
11/10/2021 09:49:24,0.3,845.06,1467506688,35.0,3207.0,1.0,77.0,838407.56,127800788
11/10/2021 09:49:34,0.2,956.09,1465675776,35.0,3207.0,1.0,77.0,838407.56,127800788
11/10/2021 09:49:44,0.2,840.38,1466707968,35.0,3207.0,1.0,77.0,838407.56,127800788
11/10/2021 09:49:55,0.2,913.08,1466949632,35.0,3207.0,1.0,77.0,838407.56,127800788
11/10/2021 09:50:05,0.2,867.59,1467387904,34.0,3207.0,1.0,77.0,838407.56,127800788
11/10/2021 09:50:16,0.2,1247.51,1467228160,36.0,3207.0,1.0,77.0,838407.56,127800788
11/10/2021 09:50:26,0.2,1066.93,1466863616,35.0,3207.0,1.0,77.0,838407.56,127800788
11/10/2021 09:50:36,0.2,915.17,1465274368,35.0,3207.0,1.0,77.0,838407.56,127800788
11/10/2021 09:50:47,0.1,919.7,1465479168,35.0,3207.0,1.0,77.0,838407.56,127800788
11/10/2021 09:50:57,0.2,821.68,1465073664,35.0,3207.0,1.0,77.0,838407.56,127800788
11/10/2021 09:51:07,0.2,872.77,1464258560,35.0,3207.0,1.0,77.0,1437270.1,127800788
11/10/2021 09:51:18,0.2,929.04,1464504320,36.0,3207.0,1.0,77.0,1437270.1,127800788
11/10/2021 09:51:28,0.3,923.48,1465028608,35.0,3207.0,1.0,77.0,1437270.1,127800788
11/10/2021 09:51:38,0.1,858.97,1465729024,35.0,3207.0,1.0,77.0,1437270.1,127800788
11/10/2021 09:51:49,0.2,845.32,1464664064,35.0,3207.0,1.0,77.0,1437270.1,127800788
11/10/2021 09:51:59,0.2,828.79,1465004032,36.0,3207.0,1.0,77.0,1437270.1,127800788
11/10/2021 09:52:09,0.2,865.88,1465630720,36.0,3207.0,1.0,77.0,1437270.1,127800788
11/10/2021 09:52:20,0.2,835.09,1465430016,35.0,3207.0,1.0,77.0,1437270.1,127800788
11/10/2021 09:52:30,0.2,875.83,1465397248,34.0,3207.0,1.0,77.0,1437270.1,127800788
11/10/2021 09:52:40,0.1,906.24,1466089472,35.0,3207.0,1.0,77.0,1437270.1,127800788
11/10/2021 09:52:51,0.2,813.83,1465905152,35.0,3207.0,1.0,77.0,1437270.1,127800788
11/10/2021 09:53:01,0.3,809.34,1467416576,35.0,3207.0,1.0,77.0,1437270.1,127800788
11/10/2021 09:53:11,0.2,933.61,1466806272,35.0,3207.0,1.0,77.0,1437270.1,127800788
11/10/2021 09:53:22,0.2,886.41,1466621952,35.0,3207.0,1.0,77.0,1437270.1,127800788
11/10/2021 09:53:32,0.2,823.83,1466130432,35.0,3207.0,1.0,77.0,1437270.1,127800788
11/10/2021 09:53:42,0.5,1276.2,1466888192,36.0,3207.0,1.0,77.0,1437270.1,127800788
11/10/2021 09:53:53,0.2,851.71,1466388480,35.0,3207.0,1.0,77.0,1437270.1,127800788
11/10/2021 09:54:03,0.1,891.81,1466597376,35.0,3207.0,1.0,77.0,1437270.1,127800788
11/10/2021 09:54:13,0.1,856.33,1466449920,35.0,3207.0,1.0,77.0,1437270.1,127800788
11/10/2021 09:54:24,0.2,940.16,1465769984,34.0,3207.0,1.0,77.0,1437270.1,127800788
11/10/2021 09:54:34,0.2,858.75,1466003456,35.0,3207.0,1.0,77.0,1437270.1,127800788
11/10/2021 09:54:44,0.1,850.13,1465131008,35.0,3207.0,1.0,77.0,1437270.1,127800788
11/10/2021 09:54:55,0.2,859.94,1465245696,35.0,3207.0,1.0,76.0,1437270.1,127800788
11/10/2021 09:55:05,0.2,822.62,1465233408,36.0,3207.0,1.0,76.0,1437270.1,127800788
11/10/2021 09:55:15,0.1,955.43,1465671680,35.0,3207.0,1.0,76.0,1437270.1,127800788
11/10/2021 09:55:26,0.2,884.43,1463623680,35.0,3207.0,1.0,77.0,1437270.1,127800788
11/10/2021 09:55:36,0.1,847.05,1463074816,35.0,3207.0,1.0,76.0,1437270.1,127800788
11/10/2021 09:55:46,0.2,853.03,1462853632,35.0,3207.0,1.0,76.0,1437270.1,127800788
11/10/2021 09:55:57,0.3,843.84,1464504320,35.0,3207.0,1.0,77.0,1437270.1,127800788
11/10/2021 09:56:07,0.1,859.19,1465171968,34.0,3207.0,1.0,77.0,1437270.1,127800788
11/10/2021 09:56:17,0.2,3162.18,1465860096,35.0,3207.0,1.0,76.0,1437270.1,127800788
11/10/2021 09:56:28,0.7,936.4,1466408960,35.0,3207.0,1.0,76.0,1437270.1,127800788
11/10/2021 09:56:38,0.2,902.7,1464954880,36.0,3207.0,1.0,77.0,1437270.1,127800788
11/10/2021 09:56:49,0.2,923.09,1466298368,35.0,3207.0,1.0,77.0,1437270.1,127800788
11/10/2021 09:56:59,0.3,844.08,1467039744,36.0,3207.0,1.0,76.0,1437270.1,127800788
11/10/2021 09:57:09,0.2,852.27,1465638912,35.0,3207.0,1.0,76.0,1437270.1,127800788
11/10/2021 09:57:20,0.2,822.17,1465196544,36.0,3207.0,1.0,76.0,1437270.1,127800788
11/10/2021 09:57:30,0.2,849.56,1465954304,35.0,3207.0,1.0,76.0,1437270.1,127800788
11/10/2021 09:57:40,0.2,856.07,1464815616,35.0,3207.0,1.0,76.0,1437270.1,127800788
11/10/2021 09:57:51,0.2,959.48,1465921536,35.0,3207.0,1.0,76.0,1437270.1,127800788
11/10/2021 09:58:01,0.2,861.92,1464827904,35.0,3207.0,1.0,76.0,1437270.1,127800788
11/10/2021 09:58:11,0.2,842.78,1464709120,35.0,3207.0,1.0,77.0,1437270.1,127800788
11/10/2021 09:58:22,0.3,989.8,1466322944,35.0,3207.0,1.0,76.0,1437270.1,127800788
11/10/2021 09:58:32,0.2,876.46,1466339328,35.0,3207.0,1.0,77.0,1437270.1,127800788
11/10/2021 09:58:42,0.2,845.88,1465942016,36.0,3207.0,1.0,76.0,1437270.1,127800788
11/10/2021 09:58:53,0.2,850.93,1465495552,35.0,3207.0,1.0,76.0,1437270.1,127800788
11/10/2021 09:59:03,0.2,833.93,1466179584,35.0,3207.0,1.0,76.0,1437270.1,127800788
11/10/2021 09:59:13,0.2,834.05,1466527744,34.0,3207.0,1.0,76.0,1437270.1,127800788
11/10/2021 09:59:24,0.2,915.1,1466769408,34.0,3207.0,1.0,77.0,1437270.1,127800788
11/10/2021 09:59:34,0.2,902.87,1466945536,35.0,3207.0,1.0,77.0,1437270.1,127800788
11/10/2021 09:59:44,0.2,873.44,1467453440,35.0,3207.0,1.0,76.0,1437270.1,127800788
11/10/2021 09:59:55,0.2,845.18,1467969536,34.0,3207.0,1.0,76.0,1437270.1,127800788
11/10/2021 10:00:05,0.1,824.74,1467936768,35.0,3207.0,1.0,76.0,1437270.1,127800788
11/10/2021 10:00:15,0.2,939.84,1467289600,36.0,3207.0,1.0,76.0,1437270.1,127800788
11/10/2021 10:00:26,0.6,853.82,1466564608,36.0,3207.0,1.0,77.0,1437270.1,127800788
11/10/2021 10:00:36,0.2,883.5,1465696256,36.0,3207.0,1.0,77.0,1437270.1,127800788
11/10/2021 10:00:47,0.3,2604.83,1466208256,35.0,3207.0,1.0,77.0,1437270.1,127800788
11/10/2021 10:00:57,0.2,815.0,1465925632,34.0,3207.0,1.0,77.0,1437270.1,127800788
11/10/2021 10:01:07,0.2,904.07,1466232832,34.0,3207.0,1.0,77.0,1437270.1,127800788
11/10/2021 10:01:17,0.2,935.89,1465409536,35.0,3207.0,1.0,77.0,1437270.1,127800788
11/10/2021 10:01:28,0.3,917.97,1465151488,34.0,3207.0,1.0,77.0,1676815.12,127800788
11/10/2021 10:01:38,0.2,900.18,1466335232,35.0,3207.0,1.0,77.0,1676815.12,127800788
11/10/2021 10:01:49,0.3,840.78,1466445824,34.0,3207.0,1.0,78.0,1676815.12,127800788
11/10/2021 10:01:59,0.2,829.28,1465913344,35.0,3207.0,1.0,77.0,1676815.12,127800788
11/10/2021 10:02:09,0.6,867.9,1465896960,35.0,3207.0,1.0,78.0,1676815.12,127800788
11/10/2021 10:02:20,0.2,895.02,1465114624,35.0,3207.0,1.0,77.0,1676815.12,127800788
11/10/2021 10:02:30,0.2,877.8,1465647104,35.0,3207.0,1.0,78.0,1676815.12,127800788
11/10/2021 10:02:40,0.2,931.06,1465856000,35.0,3207.0,1.0,78.0,1676815.12,127800788
11/10/2021 10:02:51,0.2,905.92,1466355712,34.0,3207.0,1.0,78.0,1676815.12,127800788
11/10/2021 10:03:01,0.2,859.09,1467084800,35.0,3207.0,1.0,78.0,1676815.12,127800788
11/10/2021 10:03:11,0.3,878.52,1467064320,35.0,3207.0,1.0,78.0,1676815.12,127800788
11/10/2021 10:03:22,0.2,929.07,1466298368,35.0,3207.0,1.0,78.0,1676815.12,127800788
11/10/2021 10:03:32,0.2,843.39,1466417152,35.0,3207.0,1.0,77.0,1676815.12,127800788
11/10/2021 10:03:43,0.2,860.46,1466322944,35.0,3207.0,1.0,78.0,1676815.12,127800788
11/10/2021 10:03:53,0.2,892.86,1465724928,35.0,3207.0,1.0,78.0,1676815.12,127800788
11/10/2021 10:04:03,0.6,926.55,1464885248,35.0,3207.0,1.0,77.0,1676815.12,127800788
11/10/2021 10:04:13,0.3,920.91,1465425920,35.0,3207.0,1.0,77.0,1676815.12,127800788
11/10/2021 10:04:24,0.2,834.68,1465925632,35.0,3207.0,1.0,77.0,1676815.12,127800788
11/10/2021 10:04:34,0.2,854.85,1465298944,34.0,3207.0,1.0,77.0,1676815.12,127800788
11/10/2021 10:04:45,0.2,820.68,1464573952,35.0,3207.0,1.0,77.0,1676815.12,127800788
11/10/2021 10:04:55,0.3,827.18,1465896960,35.0,3207.0,1.0,77.0,1676815.12,127800788
11/10/2021 10:05:05,0.2,839.79,1465049088,35.0,3207.0,1.0,77.0,1676815.12,127800788
11/10/2021 10:05:16,0.2,1082.5,1465266176,35.0,3207.0,1.0,77.0,1676815.12,127800788
11/10/2021 10:05:26,0.3,962.28,1465298944,35.0,3207.0,0.99,77.0,1676815.12,127800788
11/10/2021 10:05:36,0.6,828.5,1465290752,35.0,3207.0,1.0,77.0,1676815.12,127800788
11/10/2021 10:05:47,0.2,915.02,1465069568,35.0,3207.0,1.0,77.0,1676815.12,127800788
11/10/2021 10:05:57,0.3,848.43,1466216448,34.0,3207.0,1.0,77.0,1676815.12,127800788
11/10/2021 10:06:08,0.2,889.47,1464401920,36.0,3207.0,1.0,76.0,1676815.12,127800788
11/10/2021 10:06:18,0.2,915.4,1464328192,34.0,3207.0,1.0,77.0,1676815.12,127800788
11/10/2021 10:06:28,0.3,815.84,1464135680,34.0,3207.0,1.0,76.0,1676815.12,127800788
11/10/2021 10:06:39,0.1,846.45,1464254464,36.0,3207.0,1.0,76.0,1676815.12,127800788
11/10/2021 10:06:49,0.3,2393.47,1464598528,34.0,3207.0,1.0,76.0,1676815.12,127800788
11/10/2021 10:07:00,0.2,928.23,1464258560,35.0,3207.0,1.0,76.0,1676815.12,127800788
11/10/2021 10:07:10,0.1,888.33,1464565760,35.0,3207.0,1.0,76.0,1676815.12,127800788
11/10/2021 10:07:20,0.2,907.73,1465331712,34.0,3207.0,1.0,76.0,1676815.12,127800788
11/10/2021 10:07:31,0.2,832.26,1465040896,35.0,3207.0,1.0,76.0,1676815.12,127800788
11/10/2021 10:07:41,0.6,815.66,1464766464,35.0,3207.0,1.0,77.0,1676815.12,127800788
11/10/2021 10:07:51,0.2,823.59,1465524224,35.0,3207.0,1.0,77.0,1676815.12,127800788
11/10/2021 10:08:02,0.2,895.53,1465761792,35.0,3207.0,1.0,77.0,1676815.12,127800788
11/10/2021 10:08:12,0.2,903.37,1466253312,36.0,3207.0,1.0,77.0,1676815.12,127800788
11/10/2021 10:08:23,0.3,836.79,1466785792,36.0,3207.0,1.0,77.0,1676815.12,127800788
11/10/2021 10:08:33,0.2,835.04,1466511360,35.0,3207.0,1.0,77.0,1676815.12,127800788
11/10/2021 10:08:43,0.3,847.44,1465929728,35.0,3207.0,1.0,77.0,1676815.12,127800788
11/10/2021 10:08:54,0.3,913.98,1465688064,35.0,3207.0,1.0,77.0,1676815.12,127800788
11/10/2021 10:09:04,0.2,925.49,1464602624,35.0,3207.0,1.0,77.0,1676815.12,127800788
11/10/2021 10:09:14,0.2,857.99,1464758272,35.0,3207.0,1.0,77.0,1676815.12,127800788
11/10/2021 10:09:25,0.6,1025.21,1465839616,35.0,3207.0,1.0,78.0,1676815.12,127800788
11/10/2021 10:09:35,0.2,880.22,1465167872,35.0,3207.0,1.0,77.0,1676815.12,127800788
11/10/2021 10:09:45,0.2,848.48,1464545280,35.0,3207.0,1.0,77.0,1676815.12,127800788
11/10/2021 10:09:56,0.3,905.04,1464262656,35.0,3207.0,1.0,77.0,1676815.12,127800788
11/10/2021 10:10:06,0.2,824.85,1463963648,36.0,3207.0,1.0,77.0,1676815.12,127800788
11/10/2021 10:10:17,0.2,868.13,1464385536,35.0,3207.0,1.0,77.0,1676815.12,127800788
11/10/2021 10:10:27,0.6,897.29,1464737792,36.0,3207.0,1.0,77.0,1676815.12,127800788
11/10/2021 10:10:38,0.2,874.1,1465421824,35.0,3207.0,1.0,77.0,1676815.12,127800788
11/10/2021 10:10:48,0.2,830.01,1466056704,34.0,3207.0,1.0,77.0,1676815.12,127800788
11/10/2021 10:10:59,0.2,935.67,1465782272,35.0,3207.0,1.0,77.0,1676815.12,127800788
11/10/2021 10:11:09,0.2,887.39,1466273792,34.0,3207.0,1.0,77.0,1676815.12,127800788
11/10/2021 10:11:19,0.3,880.69,1467023360,35.0,3207.0,1.0,77.0,1676815.12,127800788
11/10/2021 10:11:29,0.2,839.26,1467244544,34.0,3207.0,1.0,77.0,1676815.12,127800788
11/10/2021 10:11:40,0.2,841.85,1467424768,35.0,3207.0,1.0,77.0,1676815.12,127800788
11/10/2021 10:11:50,0.2,826.9,1467084800,33.0,3207.0,1.0,77.0,1676815.12,127800788
11/10/2021 10:12:01,0.2,887.78,1467101184,36.0,3207.0,1.0,77.0,1676815.12,127800788
11/10/2021 10:12:11,0.3,870.98,1467076608,35.0,3207.0,1.0,77.0,1676815.12,127800788
11/10/2021 10:12:22,0.3,837.58,1467269120,36.0,3207.0,1.0,76.0,1676815.12,127800788
11/10/2021 10:12:32,0.2,896.07,1467527168,35.0,3207.0,1.0,76.0,1676815.12,127800788
11/10/2021 10:12:42,0.1,830.6,1467486208,36.0,3207.0,1.0,76.0,1676815.12,127800788
11/10/2021 10:12:53,0.2,861.9,1467568128,35.0,3207.0,1.0,76.0,1676815.12,127800788
11/10/2021 10:13:03,0.2,947.05,1467772928,35.0,3207.0,1.0,76.0,1676815.12,127800788
11/10/2021 10:13:13,0.3,954.68,1467252736,35.0,3207.0,1.0,76.0,1676815.12,127800788
11/10/2021 10:13:24,0.2,1197.39,1466445824,36.0,3207.0,1.0,76.0,1676815.12,127800788
11/10/2021 10:13:34,0.2,876.94,1466695680,35.0,3207.0,1.0,76.0,1676815.12,127800788
11/10/2021 10:13:44,0.1,819.93,1466597376,34.0,3207.0,1.0,76.0,1676815.12,127800788
11/10/2021 10:13:55,0.3,911.26,1466314752,36.0,3207.0,1.0,76.0,1676815.12,127800788
11/10/2021 10:14:05,0.1,892.93,1465241600,36.0,3207.0,1.0,76.0,1676815.12,127800788
11/10/2021 10:14:16,0.2,842.64,1464930304,35.0,3207.0,1.0,77.0,1676815.12,127800788
11/10/2021 10:14:26,0.2,1387.05,1465520128,35.0,3207.0,1.0,76.0,1676815.12,127800788
11/10/2021 10:14:36,0.5,903.18,1464864768,35.0,3207.0,1.0,76.0,1676815.12,127800788
11/10/2021 10:14:47,0.2,908.26,1464971264,35.0,3207.0,1.0,76.0,1676815.12,127800788
11/10/2021 10:14:57,0.2,870.64,1464664064,35.0,3207.0,1.0,77.0,1676815.12,127800788
11/10/2021 10:15:07,0.2,883.68,1464872960,34.0,3207.0,1.0,77.0,1676815.12,127800788
11/10/2021 10:15:18,0.2,875.74,1465315328,35.0,3207.0,1.0,77.0,1676815.12,127800788
11/10/2021 10:15:28,0.2,838.62,1465380864,35.0,3207.0,1.0,77.0,1676815.12,127800788
11/10/2021 10:15:38,0.1,821.84,1464791040,34.0,3207.0,1.0,77.0,1676815.12,127800788
11/10/2021 10:15:49,0.2,935.76,1465528320,35.0,3207.0,1.0,77.0,1676815.12,127800788
11/10/2021 10:15:59,0.2,856.02,1465294848,35.0,3207.0,1.0,77.0,1676815.12,127800788
11/10/2021 10:16:10,0.1,816.65,1465438208,35.0,3207.0,1.0,77.0,1676815.12,127800788
11/10/2021 10:16:20,0.2,952.67,1465413632,35.0,3207.0,1.0,77.0,1676815.12,127800788
11/10/2021 10:16:30,0.3,884.77,1465761792,35.0,3207.0,1.0,77.0,1676815.12,127800788
11/10/2021 10:16:41,0.2,844.67,1466429440,35.0,3207.0,1.0,77.0,1676815.12,127800788
11/10/2021 10:16:51,0.3,998.15,1465729024,34.0,3207.0,1.0,77.0,1676815.12,127800788
11/10/2021 10:17:01,0.2,829.11,1466740736,34.0,3207.0,1.0,77.0,1676815.12,127800788
11/10/2021 10:17:12,0.2,1584.94,1464602624,36.0,3207.0,1.0,77.0,1676815.12,127800788
11/10/2021 10:17:22,0.2,954.21,1465417728,35.0,3207.0,1.0,77.0,1676815.12,127800788
11/10/2021 10:17:32,0.6,3593.58,1464795136,35.0,3207.0,1.0,77.0,1676815.12,127800788
11/10/2021 10:17:43,0.2,891.33,1464868864,36.0,3207.0,1.0,77.0,1676815.12,127800788
11/10/2021 10:17:53,0.3,867.44,1465393152,35.0,3207.0,1.0,77.0,1676815.12,127800788
11/10/2021 10:18:03,0.2,824.26,1465888768,34.0,3207.0,1.0,77.0,1676815.12,127800788
11/10/2021 10:18:14,0.2,924.09,1465495552,35.0,3207.0,1.0,77.0,1676815.12,127800788
11/10/2021 10:18:24,0.2,1072.57,1465569280,35.0,3207.0,1.0,78.0,1676815.12,127800788
11/10/2021 10:18:34,0.2,869.79,1466261504,35.0,3207.0,1.0,78.0,1676815.12,127800788
11/10/2021 10:18:45,0.2,815.65,1465147392,35.0,3207.0,1.0,77.0,1676815.12,127800788
11/10/2021 10:18:55,0.3,921.02,1464958976,35.0,3207.0,1.0,78.0,1676815.12,127800788
11/10/2021 10:19:05,0.2,876.24,1464180736,35.0,3207.0,1.0,78.0,1676815.12,127800788
11/10/2021 10:19:16,0.2,1008.07,1464913920,35.0,3207.0,1.0,78.0,1676815.12,127800788
11/10/2021 10:19:26,0.2,851.32,1466200064,36.0,3207.0,1.0,78.0,1676815.12,127800788
11/10/2021 10:19:36,0.1,816.25,1465933824,35.0,3207.0,1.0,78.0,1676815.12,127800788
11/10/2021 10:19:47,0.2,883.61,1466429440,35.0,3207.0,1.0,78.0,1676815.12,127800788
11/10/2021 10:19:57,0.3,884.55,1465700352,34.0,3207.0,1.0,78.0,1676815.12,127800788
11/10/2021 10:20:07,0.2,824.93,1465466880,35.0,3207.0,1.0,78.0,1676815.12,127800788
11/10/2021 10:20:18,0.2,876.33,1464717312,35.0,3207.0,1.0,78.0,1676815.12,127800788
11/10/2021 10:20:28,0.3,833.01,1465491456,36.0,3207.0,1.0,78.0,1676815.12,127800788
11/10/2021 10:20:39,0.2,843.22,1465802752,34.0,3207.0,1.0,78.0,1676815.12,127800788
11/10/2021 10:20:49,0.2,910.66,1466224640,34.0,3207.0,1.0,78.0,1676815.12,127800788
11/10/2021 10:20:59,0.2,864.58,1465409536,35.0,3207.0,1.0,78.0,1676815.12,127800788
11/10/2021 10:21:10,0.2,838.41,1466109952,36.0,3207.0,1.0,78.0,1676815.12,127800788
11/10/2021 10:21:20,0.2,986.9,1466441728,36.0,3207.0,1.0,78.0,1676815.12,127800788
11/10/2021 10:21:30,0.2,816.17,1466134528,36.0,3207.0,1.0,78.0,1676815.12,127800788
11/10/2021 10:21:41,0.1,892.03,1466187776,35.0,3207.0,1.0,78.0,1676815.12,127800788
11/10/2021 10:21:51,0.2,901.08,1466585088,35.0,3207.0,1.0,78.0,1676815.12,127800788
11/10/2021 10:22:01,0.2,864.8,1465790464,35.0,3207.0,1.0,78.0,1676815.12,127800788
11/10/2021 10:22:12,0.2,821.89,1465421824,34.0,3207.0,1.0,78.0,1676815.12,127800788
11/10/2021 10:22:22,0.3,1061.59,1465344000,36.0,3207.0,1.0,78.0,1676815.12,127800788
11/10/2021 10:22:33,0.2,845.72,1464885248,36.0,3207.0,1.0,78.0,1676815.12,127800788
11/10/2021 10:22:43,0.1,857.2,1465393152,35.0,3207.0,1.0,78.0,1676815.12,127800788
11/10/2021 10:22:53,0.2,835.67,1465917440,34.0,3207.0,1.0,78.0,1676815.12,127800788
11/10/2021 10:23:04,0.2,862.49,1465683968,35.0,3207.0,1.0,78.0,1676815.12,127800788
11/10/2021 10:23:14,0.2,829.14,1466081280,35.0,3207.0,1.0,78.0,1676815.12,127800788
11/10/2021 10:23:24,0.2,915.94,1466155008,34.0,3207.0,1.0,78.0,1676815.12,127800788
11/10/2021 10:23:35,0.2,833.96,1466114048,34.0,3207.0,1.0,78.0,1676815.12,127800788
11/10/2021 10:23:45,0.1,893.76,1465741312,35.0,3207.0,1.0,78.0,1676815.12,127800788
11/10/2021 10:23:55,0.6,874.53,1466073088,35.0,3207.0,1.0,77.0,1676815.12,127800788
11/10/2021 10:24:06,0.2,823.15,1466032128,35.0,3207.0,1.0,77.0,1676815.12,127800788
11/10/2021 10:24:16,0.2,1309.96,1466515456,36.0,3207.0,1.0,77.0,1676815.12,127800788
11/10/2021 10:24:26,0.2,879.35,1466769408,35.0,3207.0,1.0,76.0,1676815.12,127800788
11/10/2021 10:24:37,0.1,845.31,1465888768,34.0,3207.0,1.0,76.0,1676815.12,127800788
11/10/2021 10:24:47,0.2,922.14,1465913344,35.0,3207.0,1.0,76.0,1676815.12,127800788
11/10/2021 10:24:57,0.6,837.24,1465630720,35.0,3207.0,1.0,76.0,1676815.12,127800788
11/10/2021 10:25:08,0.3,874.11,1467252736,36.0,3207.0,1.0,76.0,1676815.12,127800788
11/10/2021 10:25:18,0.2,952.29,1465847808,35.0,3207.0,1.0,76.0,1676815.12,127800788
11/10/2021 10:25:29,0.2,844.82,1466695680,35.0,3207.0,1.0,76.0,1676815.12,127800788
11/10/2021 10:25:39,0.2,885.91,1465815040,35.0,3207.0,1.0,76.0,1676815.12,127800788
11/10/2021 10:25:49,0.2,889.29,1465372672,35.0,3207.0,1.0,76.0,1676815.12,127800788
11/10/2021 10:25:59,0.2,927.53,1464549376,35.0,3207.0,1.0,76.0,1676815.12,127800788
11/10/2021 10:26:10,0.1,850.94,1464983552,35.0,3207.0,1.0,75.0,1676815.12,127800788
11/10/2021 10:26:20,0.2,845.75,1465847808,35.0,3207.0,1.0,75.0,1676815.12,127800788
11/10/2021 10:26:31,0.2,910.79,1464508416,35.0,3207.0,1.0,76.0,1676815.12,127800788
11/10/2021 10:26:41,0.1,1696.8,1464401920,35.0,3207.0,1.0,76.0,1676815.12,127800788
11/10/2021 10:26:51,0.3,1521.24,1465548800,36.0,3207.0,1.0,76.0,1676815.12,127800788
11/10/2021 10:27:02,0.2,1264.84,1465454592,36.0,3207.0,1.0,76.0,1676815.12,127800788
11/10/2021 10:27:12,0.1,841.85,1465286656,34.0,3207.0,1.0,75.0,1676815.12,127800788
11/10/2021 10:27:22,0.2,957.33,1464295424,36.0,3207.0,1.0,76.0,1676815.12,127800788
11/10/2021 10:27:33,0.2,842.52,1465602048,35.0,3207.0,1.0,76.0,1676815.12,127800788
11/10/2021 10:27:43,0.3,974.62,1465810944,35.0,3207.0,1.0,75.0,1676815.12,127800788
11/10/2021 10:27:53,0.3,835.19,1465020416,35.0,3207.0,1.0,76.0,1676815.12,127800788
11/10/2021 10:28:04,0.2,862.24,1465069568,35.0,3207.0,1.0,76.0,1676815.12,127800788
11/10/2021 10:28:14,0.3,864.77,1464545280,35.0,3207.0,1.0,76.0,1676815.12,127800788
11/10/2021 10:28:24,0.3,911.53,1464754176,36.0,3207.0,1.0,75.0,1676815.12,127800788
11/10/2021 10:28:35,0.2,860.98,1465778176,35.0,3207.0,1.0,76.0,1676815.12,127800788
11/10/2021 10:28:45,0.1,921.94,1465987072,34.0,3207.0,1.0,76.0,1676815.12,127800788
11/10/2021 10:28:55,0.2,902.28,1466511360,35.0,3207.0,1.0,76.0,1676815.12,127800788
11/10/2021 10:29:06,0.2,887.4,1466245120,35.0,3207.0,1.0,76.0,1676815.12,127800788
11/10/2021 10:29:16,0.2,879.67,1465528320,35.0,3207.0,1.0,76.0,1676815.12,127800788
11/10/2021 10:29:26,0.3,840.71,1465729024,35.0,3207.0,1.0,76.0,1676815.12,127800788
11/10/2021 10:29:37,0.2,895.36,1459949568,34.0,3207.0,1.0,76.0,1676815.12,127800788
11/10/2021 10:29:48,0.2,942.36,1459933184,36.0,3207.0,1.0,76.0,1676815.12,127800788
11/10/2021 10:29:58,0.2,904.8,1459740672,35.0,3207.0,1.0,76.0,1676815.12,127800788
11/10/2021 10:30:08,0.2,853.15,1459118080,36.0,3207.0,1.0,76.0,1676815.12,127800788
11/10/2021 10:30:18,0.3,846.28,1459458048,35.0,3207.0,1.0,76.0,1676815.12,127800788
11/10/2021 10:30:29,0.2,814.49,1459208192,35.0,3207.0,1.0,75.0,1676815.12,127800788
11/10/2021 10:30:40,0.1,837.22,1458872320,35.0,3207.0,1.0,76.0,1676815.12,127800788
11/10/2021 10:30:50,0.6,902.79,1459679232,35.0,3207.0,1.0,76.0,1676815.12,127800788
11/10/2021 10:31:00,0.2,3511.41,1460133888,35.0,3207.0,1.0,76.0,1676815.12,127800788
11/10/2021 10:31:11,0.2,827.24,1459310592,35.0,3207.0,1.0,76.0,1676815.12,127800788
11/10/2021 10:31:21,0.2,863.36,1459707904,35.0,3207.0,1.0,76.0,1676815.12,127800788
11/10/2021 10:31:31,0.2,875.11,1459142656,35.0,3207.0,1.0,77.0,1676815.12,127800788
11/10/2021 10:31:42,0.2,834.43,1458765824,35.0,3207.0,1.0,77.0,1676815.12,127800788
11/10/2021 10:31:52,0.3,939.6,1459359744,35.0,3207.0,1.0,77.0,1676815.12,127800788
11/10/2021 10:32:02,0.2,887.09,1459064832,36.0,3207.0,1.0,77.0,1676815.12,127800788
11/10/2021 10:32:13,0.2,815.69,1458835456,36.0,3207.0,1.0,77.0,1676815.12,127800788
11/10/2021 10:32:23,0.2,915.03,1459126272,35.0,3207.0,1.0,77.0,1676815.12,127800788
11/10/2021 10:32:33,0.2,832.95,1458954240,35.0,3207.0,1.0,77.0,1676815.12,127800788
11/10/2021 10:32:44,0.1,867.48,1459384320,35.0,3207.0,1.0,77.0,1676815.12,127800788
11/10/2021 10:32:54,0.2,894.27,1460584448,36.0,3207.0,1.0,77.0,1676815.12,127800788
11/10/2021 10:33:05,0.2,932.37,1459159040,36.0,3207.0,1.0,77.0,1676815.12,127800788
11/10/2021 10:33:15,0.8,1097.88,1459703808,37.0,3207.0,1.0,77.0,1676815.12,127800788
11/10/2021 10:33:25,0.5,1117.26,1458728960,35.0,3207.0,1.0,77.0,1676815.12,127800788
11/10/2021 10:33:35,0.4,840.18,1458814976,36.0,3207.0,1.0,77.0,1676815.12,127800788
11/10/2021 10:33:46,0.2,872.67,1458491392,35.0,3207.0,1.0,77.0,1676815.12,127800788
11/10/2021 10:33:56,0.2,868.77,1459568640,36.0,3207.0,1.0,77.0,1676815.12,127800788
11/10/2021 10:34:07,0.2,944.1,1459077120,35.0,3207.0,1.0,77.0,1676815.12,127800788
11/10/2021 10:34:17,0.2,864.91,1458843648,35.0,3207.0,1.0,77.0,1676815.12,127800788
11/10/2021 10:34:27,0.5,1127.31,1458307072,34.0,3207.0,1.0,77.0,1676815.12,127800788
11/10/2021 10:34:38,0.1,826.06,1459179520,36.0,3207.0,1.0,77.0,1676815.12,127800788
11/10/2021 10:34:48,0.2,922.71,1459462144,36.0,3207.0,1.0,77.0,1676815.12,127800788
11/10/2021 10:34:59,0.3,880.91,1459818496,35.0,3207.0,1.0,77.0,1676815.12,127800788
11/10/2021 10:35:09,0.2,866.38,1459679232,36.0,3207.0,1.0,77.0,1676815.12,127800788
11/10/2021 10:35:19,0.2,832.41,1459826688,35.0,3207.0,1.0,77.0,1676815.12,127800788
11/10/2021 10:35:30,0.2,826.8,1459810304,35.0,3207.0,1.0,77.0,1676815.12,127800788
11/10/2021 10:35:40,0.1,826.21,1459957760,35.0,3207.0,1.0,77.0,1676815.12,127800788
11/10/2021 10:35:51,0.3,923.96,1459838976,34.0,3207.0,1.0,77.0,1676815.12,127800788
11/10/2021 10:36:01,0.6,925.25,1460826112,35.0,3207.0,1.0,77.0,1676815.12,127800788
11/10/2021 10:36:11,0.3,928.7,1459965952,35.0,3207.0,1.0,77.0,1676815.12,127800788
11/10/2021 10:36:21,0.2,914.72,1460498432,36.0,3207.0,1.0,77.0,1676815.12,127800788
11/10/2021 10:36:32,0.2,911.09,1460490240,36.0,3207.0,1.0,77.0,1676815.12,127800788
11/10/2021 10:36:42,0.1,845.99,1460924416,35.0,3207.0,1.0,77.0,1676815.12,127800788
11/10/2021 10:36:53,0.4,956.29,1461514240,37.0,3207.0,1.0,77.0,1676815.12,127800788
11/10/2021 10:37:03,0.2,817.27,1461010432,36.0,3207.0,1.0,77.0,1676815.12,127800788
11/10/2021 10:37:14,0.2,861.98,1461358592,35.0,3207.0,1.0,77.0,1676815.12,127800788
11/10/2021 10:37:24,0.2,911.93,1461739520,36.0,3207.0,1.0,77.0,1676815.12,127800788
11/10/2021 10:37:34,0.2,859.41,1462214656,34.0,3207.0,1.0,77.0,1676815.12,127800788
11/10/2021 10:37:45,0.2,876.07,1462738944,36.0,3207.0,1.0,77.0,1676815.12,127800788
11/10/2021 10:37:55,0.2,840.11,1461915648,35.0,3207.0,1.0,77.0,1676815.12,127800788
11/10/2021 10:38:05,0.1,860.27,1461293056,36.0,3207.0,1.0,77.0,1676815.12,127800788
11/10/2021 10:38:16,0.2,992.5,1461186560,34.0,3207.0,1.0,77.0,1676815.12,127800788
11/10/2021 10:38:26,0.2,863.11,1461092352,34.0,3207.0,1.0,77.0,1676815.12,127800788
11/10/2021 10:38:36,0.2,879.66,1460219904,35.0,3207.0,1.0,77.0,1676815.12,127800788
11/10/2021 10:38:47,0.2,826.93,1460703232,35.0,3207.0,1.0,77.0,1676815.12,127800788
11/10/2021 10:38:57,0.3,951.32,1461235712,36.0,3207.0,1.0,77.0,1676815.12,127800788
11/10/2021 10:39:08,0.1,822.67,1460461568,36.0,3207.0,1.0,77.0,1676815.12,127800788
11/10/2021 10:39:18,0.2,817.22,1460903936,36.0,3207.0,1.0,77.0,1676815.12,127800788
11/10/2021 10:39:28,0.3,898.01,1460678656,35.0,3207.0,1.0,77.0,1676815.12,127800788
11/10/2021 10:39:39,0.2,860.07,1461055488,35.0,3207.0,1.0,77.0,1676815.12,127800788
11/10/2021 10:39:49,0.7,941.79,1461452800,36.0,3207.0,1.0,77.0,1676815.12,127800788
11/10/2021 10:40:00,0.2,928.02,1461178368,36.0,3207.0,1.0,77.0,1676815.12,127800788
11/10/2021 10:40:10,0.1,1008.96,1461661696,36.0,3207.0,1.0,77.0,1676815.12,127800788
11/10/2021 10:40:20,0.2,907.33,1461510144,35.0,3207.0,1.0,77.0,1676815.12,127800788
11/10/2021 10:40:30,0.2,851.65,1461235712,36.0,3207.0,1.0,77.0,1676815.12,127800788
11/10/2021 10:40:41,0.1,871.52,1460805632,35.0,3207.0,1.0,77.0,1676815.12,127800788
11/10/2021 10:40:51,0.2,938.27,1461719040,35.0,3207.0,1.0,77.0,1557042.61,127800788
11/10/2021 10:41:02,0.2,935.07,1460142080,36.0,3207.0,1.0,77.0,1557042.61,127800788
11/10/2021 10:41:12,0.2,837.62,1458532352,36.0,3207.0,1.0,77.0,1557042.61,127800788
11/10/2021 10:41:22,0.3,831.02,1458896896,35.0,3207.0,1.0,77.0,1557042.61,127800788
11/10/2021 10:41:32,0.2,905.66,1459392512,36.0,3207.0,1.0,77.0,1557042.61,127800788
11/10/2021 10:41:43,0.1,886.82,1460092928,35.0,3207.0,1.0,77.0,1557042.61,127800788
11/10/2021 10:41:53,0.2,896.23,1459871744,35.0,3207.0,1.0,77.0,1557042.61,127800788
11/10/2021 10:42:04,0.2,845.09,1460060160,35.0,3207.0,1.0,77.0,1557042.61,127800788
11/10/2021 10:42:14,0.2,881.81,1459232768,36.0,3207.0,1.0,77.0,1557042.61,127800788
11/10/2021 10:42:24,0.2,859.35,1459474432,36.0,3207.0,1.0,77.0,1557042.61,127800788
11/10/2021 10:42:35,0.2,850.79,1460273152,36.0,3207.0,1.0,77.0,1557042.61,127800788
11/10/2021 10:42:45,0.2,899.12,1460375552,36.0,3207.0,1.0,77.0,1557042.61,127800788
11/10/2021 10:42:55,0.2,821.12,1462304768,36.0,3207.0,1.0,77.0,1557042.61,127800788
11/10/2021 10:43:06,0.2,928.42,1462005760,35.0,3207.0,1.0,77.0,1557042.61,127800788
11/10/2021 10:43:16,0.2,898.95,1460789248,35.0,3207.0,1.0,77.0,1557042.61,127800788
11/10/2021 10:43:27,0.3,948.27,1461739520,35.0,3207.0,1.0,77.0,1557042.61,127800788
11/10/2021 10:43:37,0.3,1099.4,1461116928,35.0,3207.0,1.0,77.0,1557042.61,127800788
11/10/2021 10:43:47,0.2,1000.01,1461207040,35.0,3207.0,1.0,77.0,1557042.61,127800788
11/10/2021 10:43:57,0.2,1152.26,1461198848,36.0,3207.0,1.0,77.0,1557042.61,127800788
11/10/2021 10:44:08,0.2,824.88,1461383168,37.0,3207.0,1.0,77.0,1557042.61,127800788
11/10/2021 10:44:18,0.2,915.06,1460985856,35.0,3207.0,1.0,77.0,1557042.61,127800788
11/10/2021 10:44:29,0.7,815.76,1459679232,37.0,3207.0,1.0,77.0,1557042.61,127800788
11/10/2021 10:44:39,0.6,825.85,1459453952,36.0,3207.0,1.0,77.0,1557042.61,127800788
11/10/2021 10:44:49,0.2,860.29,1458663424,36.0,3207.0,1.0,77.0,1557042.61,127800788
11/10/2021 10:44:59,0.3,875.19,1457913856,35.0,3207.0,1.0,77.0,1557042.61,127800788
11/10/2021 10:45:10,0.2,883.38,1458323456,36.0,3207.0,1.0,77.0,1557042.61,127800788
11/10/2021 10:45:20,0.2,817.01,1458847744,37.0,3207.0,1.0,77.0,1557042.61,127800788
11/10/2021 10:45:31,0.2,904.37,1460649984,35.0,3207.0,1.0,77.0,1557042.61,127800788
11/10/2021 10:45:41,0.1,808.23,1461067776,36.0,3207.0,1.0,77.0,1557042.61,127800788
11/10/2021 10:45:51,0.2,896.49,1460924416,35.0,3207.0,1.0,77.0,1557042.61,127800788
11/10/2021 10:46:01,0.2,883.58,1460420608,36.0,3207.0,1.0,77.0,1557042.61,127800788
11/10/2021 10:46:12,0.6,902.74,1460858880,35.0,3207.0,1.0,77.0,1557042.61,127800788
11/10/2021 10:46:22,0.2,825.48,1461334016,35.0,3207.0,1.0,77.0,1557042.61,127800788
11/10/2021 10:46:33,0.3,928.52,1462439936,36.0,3207.0,1.0,77.0,1557042.61,127800788
11/10/2021 10:46:43,0.2,840.69,1462558720,35.0,3207.0,1.0,77.0,1557042.61,127800788
11/10/2021 10:46:53,0.3,806.39,1461534720,36.0,3207.0,1.0,77.0,1557042.61,127800788
11/10/2021 10:47:04,0.2,902.83,1460789248,35.0,3207.0,1.0,77.0,1557042.61,127800788
11/10/2021 10:47:14,0.1,823.24,1460404224,37.0,3207.0,1.0,77.0,1557042.61,127800788
11/10/2021 10:47:25,0.2,884.82,1461002240,36.0,3207.0,1.0,77.0,1557042.61,127800788
11/10/2021 10:47:35,0.1,821.61,1460736000,36.0,3207.0,1.0,77.0,1557042.61,127800788
11/10/2021 10:47:45,0.1,867.34,1460940800,36.0,3207.0,1.0,77.0,1557042.61,127800788
11/10/2021 10:47:55,0.2,930.34,1460981760,35.0,3207.0,1.0,77.0,1557042.61,127800788
11/10/2021 10:48:06,0.2,850.68,1460953088,35.0,3207.0,1.0,77.0,1557042.61,127800788
11/10/2021 10:48:16,0.3,863.25,1460895744,36.0,3207.0,1.0,77.0,1557042.61,127800788
11/10/2021 10:48:27,0.2,937.67,1460813824,37.0,3207.0,1.0,77.0,1557042.61,127800788
11/10/2021 10:48:37,0.7,862.93,1460465664,37.0,3207.0,1.0,77.0,1557042.61,127800788
11/10/2021 10:48:47,0.3,980.67,1460240384,35.0,3207.0,1.0,77.0,1557042.61,127800788
11/10/2021 10:48:58,0.3,931.69,1459556352,35.0,3207.0,1.0,77.0,1557042.61,127800788
11/10/2021 10:49:08,0.2,871.26,1459191808,37.0,3207.0,1.0,77.0,1557042.61,127800788
11/10/2021 10:49:18,0.2,848.68,1460457472,36.0,3207.0,1.0,77.0,1557042.61,127800788
11/10/2021 10:49:29,0.3,825.39,1460498432,36.0,3207.0,1.0,77.0,1557042.61,127800788
11/10/2021 10:49:39,0.6,1298.13,1460948992,36.0,3207.0,1.0,77.0,1557042.61,127800788
11/10/2021 10:49:49,0.2,847.07,1461497856,35.0,3207.0,1.0,77.0,1557042.61,127800788
11/10/2021 10:50:00,0.2,817.06,1461440512,36.0,3207.0,1.0,77.0,1557042.61,127800788
11/10/2021 10:50:10,0.1,851.77,1461571584,36.0,3207.0,1.0,77.0,1557042.61,127800788
11/10/2021 10:50:21,0.2,854.17,1461415936,35.0,3207.0,1.0,77.0,1557042.61,127800788
11/10/2021 10:50:31,0.2,837.97,1459859456,35.0,3207.0,1.0,77.0,1557042.61,127800788
11/10/2021 10:50:41,0.1,854.85,1459204096,35.0,3207.0,1.0,77.0,1557042.61,127800788
11/10/2021 10:50:51,0.2,965.76,1460084736,36.0,3207.0,1.0,77.0,1557042.61,127800788
11/10/2021 10:51:02,0.3,1078.7,1460011008,36.0,3207.0,1.0,77.0,1557042.61,127800788
11/10/2021 10:51:12,0.3,886.77,1460236288,35.0,3207.0,1.0,77.0,1077952.57,127800788
11/10/2021 10:51:23,0.2,929.09,1460961280,35.0,3207.0,1.0,77.0,1077952.57,127800788
11/10/2021 10:51:33,0.2,821.54,1460494336,35.0,3207.0,1.0,77.0,1077952.57,127800788
11/10/2021 10:51:43,0.1,883.6,1460133888,36.0,3207.0,1.0,77.0,1077952.57,127800788
11/10/2021 10:51:54,0.3,889.18,1460977664,36.0,3207.0,1.0,77.0,1077952.57,127800788
11/10/2021 10:52:04,0.2,845.99,1459871744,36.0,3207.0,1.0,77.0,1077952.57,127800788
11/10/2021 10:52:14,0.6,854.87,1460199424,36.0,3207.0,1.0,77.0,1077952.57,127800788
11/10/2021 10:52:25,0.2,885.04,1460215808,36.0,3207.0,1.0,77.0,1077952.57,127800788
11/10/2021 10:52:35,0.1,886.64,1460039680,36.0,3207.0,1.0,77.0,1077952.57,127800788
11/10/2021 10:52:46,0.1,853.85,1460285440,36.0,3207.0,1.0,77.0,1077952.57,127800788
11/10/2021 10:52:56,0.2,869.51,1460400128,36.0,3207.0,1.0,76.0,1077952.57,127800788
11/10/2021 10:53:06,0.2,917.7,1459875840,36.0,3207.0,1.0,76.0,1077952.57,127800788
11/10/2021 10:53:17,0.2,940.04,1459519488,36.0,3207.0,1.0,77.0,1077952.57,127800788
11/10/2021 10:53:27,0.2,932.37,1460412416,36.0,3207.0,1.0,77.0,1077952.57,127800788
11/10/2021 10:53:38,0.3,834.78,1458806784,36.0,3207.0,1.0,77.0,1077952.57,127800788
11/10/2021 10:53:48,0.2,942.23,1461063680,37.0,3207.0,1.0,77.0,1077952.57,127800788
11/10/2021 10:53:58,0.3,857.22,1460871168,36.0,3207.0,1.0,77.0,1077952.57,127800788
11/10/2021 10:54:08,0.1,845.46,1460248576,35.0,3207.0,1.0,77.0,1077952.57,127800788
11/10/2021 10:54:19,0.3,880.38,1461129216,35.0,3207.0,1.0,77.0,1077952.57,127800788
11/10/2021 10:54:29,0.2,859.91,1460797440,36.0,3207.0,1.0,77.0,1077952.57,127800788
11/10/2021 10:54:40,0.1,845.88,1461039104,35.0,3207.0,1.0,77.0,1077952.57,127800788
11/10/2021 10:54:50,0.2,913.62,1461571584,35.0,3207.0,1.0,77.0,1077952.57,127800788
11/10/2021 10:55:01,0.5,853.18,1460752384,37.0,3207.0,1.0,77.0,1077952.57,127800788
11/10/2021 10:55:11,0.6,830.32,1460674560,36.0,3207.0,1.0,77.0,1077952.57,127800788
11/10/2021 10:55:21,0.9,849.09,1460572160,37.0,3207.0,1.0,77.0,1077952.57,127800788
11/10/2021 10:55:32,0.2,852.66,1460113408,37.0,3207.0,1.0,77.0,1077952.57,127800788
11/10/2021 10:55:42,0.2,891.88,1459716096,36.0,3207.0,1.0,77.0,1077952.57,127800788
11/10/2021 10:55:53,0.2,911.13,1460555776,37.0,3207.0,1.0,77.0,1077952.57,127800788
11/10/2021 10:56:03,0.2,835.68,1460760576,35.0,3207.0,1.0,77.0,1077952.57,127800788
11/10/2021 10:56:14,0.2,819.7,1460400128,36.0,3207.0,1.0,77.0,1077952.57,127800788
11/10/2021 10:56:24,0.2,833.26,1460150272,35.0,3207.0,1.0,77.0,1077952.57,127800788
11/10/2021 10:56:35,0.2,975.14,1460666368,36.0,3207.0,1.0,77.0,1077952.57,127800788
11/10/2021 10:56:45,1.4,834.71,1460363264,36.0,3207.0,1.0,77.0,1077952.57,127800788
11/10/2021 10:56:55,0.3,998.2,1460621312,36.0,3207.0,1.0,77.0,1077952.57,127800788
11/10/2021 10:57:06,0.2,869.89,1461387264,37.0,3207.0,1.0,78.0,1077952.57,127800788
11/10/2021 10:57:16,0.2,887.38,1461018624,36.0,3207.0,1.0,78.0,1077952.57,127800788
11/10/2021 10:57:26,0.2,933.11,1460547584,36.0,3207.0,1.0,77.0,1077952.57,127800788
11/10/2021 10:57:37,0.2,1031.16,1461047296,37.0,3207.0,1.0,77.0,1077952.57,127800788
11/10/2021 10:57:47,0.2,891.32,1460273152,35.0,3207.0,1.0,78.0,1077952.57,127800788
11/10/2021 10:57:58,0.2,830.72,1460338688,35.0,3207.0,1.0,78.0,1077952.57,127800788
11/10/2021 10:58:08,0.2,865.36,1460330496,36.0,3207.0,1.0,78.0,1077952.57,127800788
11/10/2021 10:58:18,0.2,895.6,1460346880,35.0,3207.0,1.0,78.0,1077952.57,127800788
11/10/2021 10:58:29,0.2,930.96,1460580352,36.0,3207.0,1.0,78.0,1077952.57,127800788
11/10/2021 10:58:39,0.6,899.68,1460563968,35.0,3207.0,1.0,77.0,1077952.57,127800788
11/10/2021 10:58:50,0.2,851.97,1460740096,35.0,3207.0,1.0,77.0,1077952.57,127800788
11/10/2021 10:59:00,0.2,881.51,1462046720,35.0,3207.0,1.0,77.0,1077952.57,127800788
11/10/2021 10:59:10,0.2,875.97,1460973568,36.0,3207.0,1.0,77.0,1077952.57,127800788
11/10/2021 10:59:21,0.3,891.16,1461747712,35.0,3207.0,1.0,77.0,1077952.57,127800788
11/10/2021 10:59:31,0.2,834.05,1460731904,35.0,3207.0,1.0,77.0,1077952.57,127800788
11/10/2021 10:59:42,0.3,840.3,1460912128,36.0,3207.0,1.0,77.0,1077952.57,127800788
11/10/2021 10:59:52,0.3,1841.73,1461768192,36.0,3207.0,1.0,77.0,1077952.57,127800788
11/10/2021 11:00:02,0.2,896.39,1461673984,36.0,3207.0,1.0,77.0,1077952.57,127800788
11/10/2021 11:00:13,0.2,808.89,1460580352,36.0,3207.0,1.0,77.0,1077952.57,127800788
11/10/2021 11:00:23,0.2,870.53,1460137984,36.0,3207.0,1.0,77.0,1077952.57,127800788
11/10/2021 11:00:33,0.2,855.34,1458847744,36.0,3207.0,1.0,77.0,1077952.57,127800788
11/10/2021 11:00:44,0.1,838.93,1459232768,36.0,3207.0,1.0,77.0,1077952.57,127800788
11/10/2021 11:00:54,0.2,816.5,1459765248,37.0,3207.0,1.0,77.0,1077952.57,127800788
11/10/2021 11:01:04,0.2,868.5,1459503104,36.0,3207.0,1.0,77.0,1077952.57,127800788
11/10/2021 11:01:15,0.2,835.17,1459707904,35.0,3207.0,1.0,77.0,1077952.57,127800788
11/10/2021 11:01:25,0.3,846.49,1459523584,36.0,3207.0,1.0,77.0,1077952.57,127800788
11/10/2021 11:01:35,0.2,816.83,1459548160,35.0,3207.0,1.0,77.0,958180.07,127800788
11/10/2021 11:01:46,0.6,1265.71,1460195328,36.0,3207.0,1.0,77.0,958180.07,127800788
11/10/2021 11:01:56,0.3,807.55,1460187136,37.0,3207.0,1.0,77.0,958180.07,127800788
11/10/2021 11:02:07,0.1,834.56,1460469760,36.0,3207.0,1.0,77.0,958180.07,127800788
11/10/2021 11:02:17,0.4,938.36,1458630656,36.0,3207.0,1.0,78.0,958180.07,127800788
11/10/2021 11:02:27,0.2,878.33,1457717248,35.0,3207.0,1.0,77.0,958180.07,127800788
11/10/2021 11:02:38,0.2,838.04,1458282496,36.0,3207.0,1.0,78.0,958180.07,127800788
11/10/2021 11:02:48,0.2,888.92,1458339840,35.0,3207.0,1.0,77.0,958180.07,127800788
11/10/2021 11:02:59,0.3,814.87,1460379648,37.0,3207.0,1.0,78.0,958180.07,127800788
11/10/2021 11:03:09,0.2,841.65,1459240960,35.0,3207.0,1.0,78.0,958180.07,127800788
11/10/2021 11:03:19,0.3,948.32,1458638848,36.0,3207.0,1.0,78.0,958180.07,127800788
11/10/2021 11:03:29,0.4,1696.38,1458888704,36.0,3207.0,1.0,78.0,958180.07,127800788
11/10/2021 11:03:40,0.6,1127.43,1460875264,36.0,3207.0,1.0,78.0,958180.07,127800788
11/10/2021 11:03:50,0.4,844.4,1263624192,35.0,9.0,0.0,71.0,958180.07,127800788
11/10/2021 11:04:01,0.2,826.66,1264717824,35.0,9.0,0.0,67.0,958180.07,127800788
11/10/2021 11:04:11,0.2,871.45,1264160768,35.0,9.0,0.0,64.0,958180.07,127800788
11/10/2021 11:04:21,0.1,826.96,1263587328,36.0,9.0,0.0,61.0,958180.07,127800788
11/10/2021 11:04:32,0.1,819.0,1263333376,35.0,9.0,0.0,59.0,958180.07,127800788
11/10/2021 11:04:42,0.1,828.24,1263042560,35.0,9.0,0.0,57.0,958180.07,127800788
11/10/2021 11:04:52,0.1,830.1,1263333376,34.0,9.0,0.0,55.0,958180.07,127800788
11/10/2021 11:05:03,0.1,884.39,1263329280,35.0,9.0,0.0,54.0,958180.07,127800788
11/10/2021 11:05:13,0.1,845.72,1263828992,35.0,9.0,0.0,53.0,958180.07,127800788
11/10/2021 11:05:23,0.1,857.97,1263280128,35.0,9.0,0.0,52.0,958180.07,127800788
11/10/2021 11:05:34,0.1,841.16,1263325184,35.0,9.0,0.0,51.0,958180.07,127800788
11/10/2021 11:05:44,0.1,824.88,1263050752,35.0,9.0,0.0,50.0,958180.07,127800788
11/10/2021 11:05:55,0.1,820.96,1262825472,35.0,9.0,0.0,49.0,958180.07,127800788
11/10/2021 11:06:05,0.1,833.65,1263329280,34.0,9.0,0.0,48.0,958180.07,127800788
11/10/2021 11:06:15,0.1,834.96,1262813184,34.0,9.0,0.0,47.0,958180.07,127800788
11/10/2021 11:06:26,0.1,825.13,1262489600,34.0,9.0,0.0,47.0,958180.07,127800788
11/10/2021 11:06:36,0.1,820.48,1263333376,33.0,9.0,0.0,46.0,958180.07,127800788
11/10/2021 11:06:46,0.1,847.1,1263292416,34.0,9.0,0.0,45.0,958180.07,127830933
11/10/2021 11:06:57,0.2,818.98,1263280128,34.0,9.0,0.0,45.0,958180.07,127830933
11/10/2021 11:07:07,0.1,841.93,1262694400,34.0,9.0,0.0,44.0,958180.07,127830933
11/10/2021 11:07:18,0.1,815.07,1262211072,34.0,9.0,0.0,44.0,958180.07,127830933
11/10/2021 11:07:28,0.5,816.86,1262211072,33.0,9.0,0.0,44.0,958180.07,127830933
11/10/2021 11:07:38,0.6,843.05,1261731840,33.0,9.0,0.0,43.0,958180.07,127830933
11/10/2021 11:07:49,0.6,842.9,1262514176,33.0,9.0,0.0,42.0,958180.07,127830933
11/10/2021 11:07:59,0.6,823.88,1263030272,33.0,9.0,0.0,42.0,958180.07,127830933
11/10/2021 11:08:09,0.6,826.27,1262985216,34.0,9.0,0.0,42.0,958180.07,127830933
11/10/2021 11:08:20,0.6,837.61,1264058368,34.0,9.0,0.0,41.0,958180.07,127830933
11/10/2021 11:08:30,0.6,879.94,1263800320,34.0,9.0,0.0,41.0,958180.07,127830933
11/10/2021 11:08:40,0.5,875.61,1264578560,33.0,9.0,0.0,40.0,958180.07,127830933
11/10/2021 11:08:51,0.2,819.0,1263996928,34.0,9.0,0.0,40.0,958180.07,127830933
11/10/2021 11:09:01,0.2,822.62,1263800320,34.0,9.0,0.0,40.0,958180.07,127830933
11/10/2021 11:09:12,0.1,832.46,1262993408,33.0,9.0,0.0,39.0,958180.07,127830933
11/10/2021 11:09:22,0.1,817.1,1262993408,34.0,9.0,0.0,39.0,958180.07,127830933
11/10/2021 11:09:32,0.1,927.74,1261940736,33.0,9.0,0.0,39.0,958180.07,127830933
11/10/2021 11:09:42,0.1,816.01,1261457408,33.0,9.0,0.0,39.0,958180.07,127830933
11/10/2021 11:09:53,0.1,841.94,1262522368,32.0,9.0,0.0,38.0,958180.07,127830933
11/10/2021 11:10:03,0.1,912.14,1262710784,33.0,9.0,0.0,38.0,958180.07,127830933
11/10/2021 11:10:14,0.2,839.26,1262735360,33.0,9.0,0.0,38.0,958180.07,127830933
11/10/2021 11:10:24,0.1,829.79,1262260224,33.0,9.0,0.0,38.0,958180.07,127830933
11/10/2021 11:10:34,0.1,930.84,1262166016,32.0,9.0,0.0,38.0,958180.07,127830933
11/10/2021 11:10:45,0.1,816.0,1262456832,33.0,9.0,0.0,37.0,958180.07,127830933
11/10/2021 11:10:55,0.1,855.05,1262440448,33.0,9.0,0.0,37.0,958180.07,127830933
11/10/2021 11:11:05,0.1,855.49,1262694400,33.0,9.0,0.0,37.0,958180.07,127830933
11/10/2021 11:11:16,0.1,816.43,1261854720,31.0,9.0,0.0,37.0,958180.07,127830933
11/10/2021 11:11:26,0.1,816.63,1261371392,32.0,9.0,0.0,37.0,958180.07,127830933
11/10/2021 11:11:36,0.1,809.39,1261408256,32.0,9.0,0.0,36.0,958180.07,127830933
11/10/2021 11:11:47,0.1,860.42,1261432832,32.0,9.0,0.0,36.0,958180.07,127830933
11/10/2021 11:11:57,0.1,842.66,1261940736,31.0,9.0,0.0,36.0,958180.07,127861058
11/10/2021 11:12:07,0.1,837.83,1261711360,31.0,9.0,0.0,36.0,958180.07,127861058
11/10/2021 11:12:18,0.1,852.24,1260937216,32.0,9.0,0.0,36.0,958180.07,127861058
11/10/2021 11:12:28,0.1,826.69,1260961792,32.0,9.0,0.0,36.0,958180.07,127861058
11/10/2021 11:12:38,0.1,836.47,1260908544,32.0,9.0,0.0,36.0,958180.07,127861058
11/10/2021 11:12:49,0.1,815.55,1261199360,32.0,9.0,0.0,36.0,958180.07,127861058
11/10/2021 11:12:59,0.1,822.34,1261973504,33.0,9.0,0.0,36.0,958180.07,127861058
11/10/2021 11:13:10,0.1,882.82,1261744128,33.0,9.0,0.0,35.0,958180.07,127861058
11/10/2021 11:13:20,0.1,819.67,1262002176,32.0,9.0,0.0,35.0,958180.07,127861058
11/10/2021 11:13:30,0.1,1097.95,1261490176,31.0,9.0,0.0,35.0,958180.07,127861058
11/10/2021 11:13:41,0.1,1097.83,1262198784,31.0,9.0,0.0,35.0,958180.07,127861058
11/10/2021 11:13:51,0.1,820.87,1262264320,31.0,9.0,0.0,35.0,958180.07,127861058
11/10/2021 11:14:01,0.1,818.34,1261711360,32.0,9.0,0.0,35.0,958180.07,127891181
11/10/2021 11:14:12,0.1,816.74,1262227456,31.0,9.0,0.0,35.0,958180.07,127891181
11/10/2021 11:14:22,0.1,817.86,1261387776,31.0,9.0,0.0,34.0,958180.07,127891181
11/10/2021 11:14:32,0.1,836.21,1261449216,31.0,9.0,0.0,35.0,958180.07,127891181
11/10/2021 11:14:43,0.1,868.88,1261490176,32.0,9.0,0.0,35.0,958180.07,127891181
11/10/2021 11:14:53,0.1,808.87,1261940736,31.0,9.0,0.0,34.0,958180.07,127891181
11/10/2021 11:15:03,0.1,836.64,1261420544,32.0,9.0,0.0,34.0,958180.07,127891181
11/10/2021 11:15:14,0.1,834.95,1261420544,31.0,9.0,0.0,34.0,958180.07,127891181
11/10/2021 11:15:24,0.1,823.36,1261228032,31.0,9.0,0.0,34.0,958180.07,127891181
11/10/2021 11:15:34,0.1,833.48,1261490176,32.0,9.0,0.0,34.0,958180.07,127891181
11/10/2021 11:15:45,0.1,833.15,1261490176,32.0,9.0,0.0,34.0,958180.07,127891181
11/10/2021 11:15:55,0.1,873.99,1261457408,32.0,9.0,0.0,34.0,958180.07,127891181
11/10/2021 11:16:05,0.1,925.36,1261486080,31.0,9.0,0.0,34.0,958180.07,127891181
11/10/2021 11:16:16,0.1,852.77,1261228032,31.0,9.0,0.0,34.0,958180.07,127891181
11/10/2021 11:16:26,0.1,816.12,1261744128,32.0,9.0,0.0,34.0,958180.07,127891181
11/10/2021 11:16:37,0.1,861.98,1260642304,31.0,9.0,0.0,34.0,958180.07,127891181
11/10/2021 11:16:47,0.1,851.12,1260576768,31.0,9.0,0.0,34.0,958180.07,127891181
11/10/2021 11:16:57,0.2,926.43,1260826624,32.0,9.0,0.0,34.0,958180.07,127891181
11/10/2021 11:17:08,0.1,821.15,1261105152,32.0,9.0,0.0,34.0,958180.07,127891181
11/10/2021 11:17:18,0.1,839.18,1261064192,32.0,9.0,0.0,34.0,958180.07,127891181
11/10/2021 11:17:28,0.1,818.12,1260580864,31.0,9.0,0.0,34.0,958180.07,127891181
11/10/2021 11:17:39,0.1,937.15,1260351488,31.0,9.0,0.0,34.0,958180.07,127891181
11/10/2021 11:17:49,0.1,817.61,1260417024,31.0,9.0,0.0,34.0,958180.07,127891181
11/10/2021 11:17:59,0.1,881.22,1260642304,31.0,9.0,0.0,33.0,958180.07,127891181
11/10/2021 11:18:10,0.2,820.17,1260830720,30.0,9.0,0.0,34.0,958180.07,127891181
11/10/2021 11:18:20,0.7,834.6,1261121536,30.0,9.0,0.0,33.0,958180.07,127891181
11/10/2021 11:18:31,0.2,847.88,1261158400,30.0,9.0,0.0,33.0,958180.07,127891181
11/10/2021 11:18:41,0.1,818.14,1261318144,31.0,9.0,0.0,33.0,958180.07,127891181
11/10/2021 11:18:51,0.1,837.57,1261375488,30.0,9.0,0.0,33.0,958180.07,127891181
11/10/2021 11:19:01,0.1,902.1,1262153728,31.0,9.0,0.0,33.0,958180.07,127891181
11/10/2021 11:19:12,0.2,994.34,1262444544,30.0,9.0,0.0,33.0,958180.07,128041783
11/10/2021 11:19:22,0.1,816.71,1262379008,30.0,9.0,0.0,33.0,958180.07,128041783
11/10/2021 11:19:33,0.1,820.59,1262673920,30.0,9.0,0.0,33.0,958180.07,128041783
11/10/2021 11:19:43,0.1,829.0,1262931968,30.0,9.0,0.0,33.0,958180.07,128041783
11/10/2021 11:19:53,0.1,836.19,1262673920,30.0,9.0,0.0,33.0,958180.07,128041783
11/10/2021 11:20:03,0.1,840.49,1262571520,30.0,9.0,0.0,33.0,958180.07,128041783
11/10/2021 11:20:14,0.1,926.81,1262612480,31.0,9.0,0.0,33.0,958180.07,128041783
11/10/2021 11:20:24,0.1,831.43,1262837760,31.0,9.0,0.0,33.0,958180.07,128041783
11/10/2021 11:20:35,0.1,829.43,1262292992,31.0,9.0,0.0,33.0,958180.07,128041783
11/10/2021 11:20:45,0.1,819.99,1262292992,31.0,9.0,0.0,33.0,958180.07,128041783
11/10/2021 11:20:55,0.1,860.71,1262542848,31.0,9.0,0.0,33.0,958180.07,128041783
11/10/2021 11:21:06,0.1,835.87,1263869952,30.0,9.0,0.0,33.0,958180.07,128041783
11/10/2021 11:21:16,0.1,825.07,1263837184,30.0,9.0,0.0,33.0,718635.05,128192340
11/10/2021 11:21:26,0.1,914.08,1263353856,30.0,9.0,0.0,33.0,718635.05,128192340
11/10/2021 11:21:37,0.1,854.46,1262776320,31.0,9.0,0.0,33.0,718635.05,128192340
11/10/2021 11:21:47,0.1,819.93,1262833664,30.0,9.0,0.0,33.0,718635.05,128192340
11/10/2021 11:21:57,0.1,889.71,1262833664,31.0,9.0,0.0,33.0,718635.05,128192340
11/10/2021 11:22:08,0.1,844.1,1262854144,30.0,9.0,0.0,33.0,718635.05,128192340
11/10/2021 11:22:18,0.1,842.51,1262338048,30.0,9.0,0.0,33.0,718635.05,128192340
11/10/2021 11:22:28,0.1,1098.12,1262370816,31.0,9.0,0.0,33.0,718635.05,128192340
11/10/2021 11:22:39,0.1,816.0,1261793280,30.0,9.0,0.0,33.0,718635.05,128192340
11/10/2021 11:22:49,0.1,816.08,1261043712,31.0,9.0,0.0,33.0,718635.05,128192340
11/10/2021 11:22:59,0.1,820.8,1261494272,30.0,9.0,0.0,33.0,718635.05,128192340
11/10/2021 11:23:10,0.1,825.97,1263136768,31.0,9.0,0.0,33.0,718635.05,128192340
11/10/2021 11:23:20,0.1,817.78,1263652864,31.0,9.0,0.0,33.0,718635.05,128192340
11/10/2021 11:23:30,0.1,845.24,1263652864,30.0,9.0,0.0,33.0,718635.05,128192340
11/10/2021 11:23:41,0.1,812.08,1263845376,30.0,9.0,0.0,33.0,718635.05,128192340
11/10/2021 11:23:51,0.1,855.56,1263910912,31.0,9.0,0.0,33.0,718635.05,128192340
11/10/2021 11:24:01,0.1,911.26,1263939584,29.0,9.0,0.0,33.0,718635.05,128192340
11/10/2021 11:24:12,0.1,815.25,1263673344,30.0,9.0,0.0,33.0,718635.05,128192340
11/10/2021 11:24:22,0.1,907.1,1263091712,31.0,9.0,0.0,33.0,718635.05,128192340
11/10/2021 11:24:32,0.1,806.57,1262346240,30.0,9.0,0.0,33.0,718635.05,128192340
11/10/2021 11:24:43,0.1,816.02,1262338048,31.0,9.0,0.0,33.0,718635.05,128192340
11/10/2021 11:24:53,0.1,823.14,1262080000,30.0,9.0,0.0,33.0,718635.05,128192340
11/10/2021 11:25:03,0.1,855.9,1262743552,30.0,9.0,0.0,33.0,718635.05,128192340
11/10/2021 11:25:14,0.1,835.03,1262268416,31.0,9.0,0.0,33.0,718635.05,128192340
11/10/2021 11:25:24,0.1,854.37,1262657536,30.0,9.0,0.0,33.0,718635.05,128192340
11/10/2021 11:25:35,0.1,838.27,1263210496,32.0,9.0,0.0,32.0,718635.05,128192340
11/10/2021 11:25:45,0.1,883.68,1263210496,30.0,9.0,0.0,33.0,718635.05,128192340
11/10/2021 11:25:55,0.1,871.97,1262305280,30.0,9.0,0.0,33.0,718635.05,128192340
11/10/2021 11:26:05,0.1,808.83,1262366720,29.0,9.0,0.0,32.0,718635.05,128192340
11/10/2021 11:26:16,0.1,808.63,1263140864,30.0,9.0,0.0,33.0,718635.05,128192340
11/10/2021 11:26:26,0.1,855.22,1262399488,30.0,9.0,0.0,33.0,718635.05,128192340
11/10/2021 11:26:37,0.1,865.83,1262379008,31.0,9.0,0.0,33.0,718635.05,128192340
11/10/2021 11:26:47,0.1,906.29,1262366720,30.0,9.0,0.0,33.0,718635.05,128192340
11/10/2021 11:26:57,0.2,856.89,1262809088,31.0,9.0,0.0,33.0,718635.05,128192340
11/10/2021 11:27:08,0.1,865.39,1262063616,29.0,9.0,0.0,33.0,718635.05,128192340
11/10/2021 11:27:18,0.1,816.53,1261830144,30.0,9.0,0.0,33.0,718635.05,128192340
11/10/2021 11:27:28,0.2,849.92,1261772800,30.0,9.0,0.0,33.0,718635.05,128373307
11/10/2021 11:27:39,0.6,825.44,1261551616,30.0,9.0,0.0,32.0,718635.05,128373307
11/10/2021 11:27:49,0.7,829.39,1262624768,31.0,9.0,0.0,32.0,718635.05,128373307
11/10/2021 11:27:59,0.5,849.54,1262301184,31.0,9.0,0.0,32.0,718635.05,128373307
11/10/2021 11:28:10,0.4,854.86,1262137344,30.0,9.0,0.0,32.0,718635.05,128373307
11/10/2021 11:28:20,0.1,816.8,1262137344,30.0,9.0,0.0,33.0,718635.05,128373307
11/10/2021 11:28:30,0.1,815.88,1262399488,29.0,9.0,0.0,32.0,718635.05,128373307
11/10/2021 11:28:41,0.1,868.58,1262141440,31.0,9.0,0.0,33.0,718635.05,128373307
11/10/2021 11:28:51,0.1,835.33,1262915584,30.0,9.0,0.0,32.0,718635.05,128373307
11/10/2021 11:29:01,0.1,848.1,1262813184,31.0,9.0,0.0,32.0,718635.05,128373307
11/10/2021 11:29:12,0.1,927.35,1262854144,30.0,9.0,0.0,32.0,718635.05,128373307
11/10/2021 11:29:22,0.1,816.81,1262362624,29.0,9.0,0.0,32.0,718635.05,128373307
11/10/2021 11:29:32,0.1,816.9,1263149056,30.0,9.0,0.0,33.0,718635.05,128373307
11/10/2021 11:29:43,0.1,826.65,1262665728,31.0,9.0,0.0,32.0,718635.05,128373307
11/10/2021 11:29:53,0.1,820.65,1262407680,31.0,9.0,0.0,32.0,718635.05,128373307
11/10/2021 11:30:03,0.1,822.5,1262370816,30.0,9.0,0.0,32.0,718635.05,128373307
11/10/2021 11:30:14,0.1,855.68,1262395392,30.0,9.0,0.0,32.0,718635.05,128373307
11/10/2021 11:30:24,0.1,824.25,1262112768,31.0,9.0,0.0,32.0,718635.05,128373307
11/10/2021 11:30:34,0.1,838.73,1261826048,31.0,9.0,0.0,32.0,479090.03,128373307
11/10/2021 11:30:45,0.1,840.43,1261277184,30.0,9.0,0.0,32.0,479090.03,128373307
11/10/2021 11:30:55,0.1,904.45,1261858816,30.0,9.0,0.0,32.0,479090.03,128373307
11/10/2021 11:31:06,0.1,829.87,1261854720,30.0,9.0,0.0,32.0,479090.03,128373307
11/10/2021 11:31:16,0.1,833.15,1262112768,29.0,9.0,0.0,32.0,479090.03,128373307
11/10/2021 11:31:26,0.1,811.08,1261821952,30.0,9.0,0.0,32.0,479090.03,128373307
11/10/2021 11:31:36,0.1,912.87,1262600192,30.0,9.0,0.0,32.0,479090.03,128644815
11/10/2021 11:31:47,0.1,823.28,1264173056,30.0,9.0,0.0,32.0,479090.03,128644815
11/10/2021 11:31:58,0.1,849.6,1264648192,30.0,9.0,0.0,32.0,479090.03,128644815
11/10/2021 11:32:08,0.1,812.95,1264844800,30.0,9.0,0.0,32.0,479090.03,128644815
11/10/2021 11:32:18,0.1,967.5,1264136192,31.0,9.0,0.0,32.0,479090.03,128644815
11/10/2021 11:32:29,0.1,824.58,1264427008,31.0,9.0,0.0,32.0,479090.03,128644815
11/10/2021 11:32:39,0.1,820.42,1264431104,29.0,9.0,0.0,32.0,479090.03,128644815
11/10/2021 11:32:49,0.1,826.05,1264107520,31.0,9.0,0.0,32.0,479090.03,128644815
11/10/2021 11:33:00,0.1,829.09,1263882240,29.0,9.0,0.0,32.0,479090.03,128644815
11/10/2021 11:33:10,0.1,881.31,1263620096,30.0,9.0,0.0,32.0,479090.03,128644815
11/10/2021 11:33:20,0.1,808.95,1263104000,31.0,9.0,0.0,32.0,479090.03,128644815
11/10/2021 11:33:31,0.1,1097.96,1263173632,31.0,9.0,0.0,32.0,479090.03,128644815
11/10/2021 11:33:41,0.1,1097.79,1262907392,31.0,9.0,0.0,32.0,479090.03,128644815
11/10/2021 11:33:51,0.4,1097.93,1262821376,29.0,9.0,0.0,32.0,479090.03,128644815
11/10/2021 11:34:02,0.2,842.48,1262067712,30.0,9.0,0.0,32.0,479090.03,128644815
11/10/2021 11:34:12,0.1,905.69,1262837760,31.0,9.0,0.0,32.0,479090.03,128644815
11/10/2021 11:34:22,0.1,838.8,1263153152,31.0,9.0,0.0,32.0,479090.03,128644815
11/10/2021 11:34:33,0.1,844.54,1262866432,30.0,9.0,0.0,32.0,479090.03,128644815
11/10/2021 11:34:43,0.1,848.1,1263349760,30.0,9.0,0.0,32.0,479090.03,128644815
11/10/2021 11:34:54,0.1,818.93,1264349184,31.0,9.0,0.0,32.0,479090.03,128644815
11/10/2021 11:35:04,0.1,828.73,1264111616,30.0,9.0,0.0,32.0,479090.03,128644815
11/10/2021 11:35:14,0.1,855.35,1264603136,31.0,9.0,0.0,32.0,479090.03,128644815
11/10/2021 11:35:24,0.1,847.08,1264345088,30.0,9.0,0.0,32.0,479090.03,128644815
11/10/2021 11:35:35,0.1,821.87,1264766976,30.0,9.0,0.0,32.0,479090.03,128644815
11/10/2021 11:35:45,0.1,853.42,1264316416,29.0,9.0,0.0,32.0,479090.03,128644815
11/10/2021 11:35:56,0.1,816.28,1264324608,30.0,9.0,0.0,32.0,479090.03,128644815
11/10/2021 11:36:06,0.1,807.48,1263579136,30.0,9.0,0.0,32.0,479090.03,128644815
11/10/2021 11:36:16,0.1,824.64,1264021504,30.0,9.0,0.0,32.0,479090.03,128644815
11/10/2021 11:36:27,0.1,817.04,1264021504,30.0,9.0,0.0,32.0,479090.03,128644815
11/10/2021 11:36:37,0.1,820.28,1263702016,29.0,9.0,0.0,32.0,479090.03,128644815
11/10/2021 11:36:47,0.1,2168.25,1263751168,30.0,9.0,0.0,32.0,479090.03,129278234
11/10/2021 11:36:58,0.2,834.83,1263976448,30.0,9.0,0.0,32.0,479090.03,129278234
11/10/2021 11:37:08,0.1,867.69,1263972352,29.0,9.0,0.0,32.0,479090.03,129278234
11/10/2021 11:37:18,0.1,816.36,1263648768,29.0,9.0,0.0,32.0,479090.03,129278234
11/10/2021 11:37:29,0.1,1098.02,1263198208,31.0,9.0,0.0,32.0,479090.03,129278234
11/10/2021 11:37:39,0.1,842.08,1262977024,30.0,9.0,0.0,32.0,479090.03,129278234
11/10/2021 11:37:49,0.1,877.12,1262645248,29.0,9.0,0.0,32.0,479090.03,129278234
11/10/2021 11:38:00,0.1,875.75,1263218688,29.0,9.0,0.0,32.0,479090.03,129278234
11/10/2021 11:38:10,0.1,2592.11,1262940160,30.0,9.0,0.0,32.0,479090.03,129278234
11/10/2021 11:38:20,0.1,826.05,1263398912,29.0,9.0,0.0,32.0,479090.03,129278234
11/10/2021 11:38:31,0.1,854.01,1263435776,29.0,9.0,0.0,32.0,479090.03,129278234
11/10/2021 11:38:41,0.1,858.11,1263435776,29.0,9.0,0.0,32.0,479090.03,129278234
11/10/2021 11:38:51,0.1,879.72,1263693824,30.0,9.0,0.0,32.0,479090.03,129278234
11/10/2021 11:39:02,0.1,842.26,1263366144,30.0,9.0,0.0,32.0,479090.03,129278234
11/10/2021 11:39:12,0.1,823.54,1263140864,30.0,9.0,0.0,32.0,479090.03,129278234
11/10/2021 11:39:23,0.1,818.64,1263464448,29.0,9.0,0.0,32.0,479090.03,129278234
11/10/2021 11:39:33,0.1,969.61,1262985216,31.0,9.0,0.0,32.0,479090.03,129278234
11/10/2021 11:39:43,0.1,816.44,1262985216,29.0,9.0,0.0,32.0,479090.03,129278234
11/10/2021 11:39:53,0.1,830.32,1262501888,30.0,9.0,0.0,32.0,479090.03,129278234
11/10/2021 11:40:04,0.1,815.89,1262714880,30.0,9.0,0.0,32.0,479090.03,129278234
11/10/2021 11:22:59,0.1,820.8,1261494272,30.0,9.0,0.0,33.0,718635.05,128192340
11/10/2021 11:23:10,0.1,825.97,1263136768,31.0,9.0,0.0,33.0,718635.05,128192340
11/10/2021 11:23:20,0.1,817.78,1263652864,31.0,9.0,0.0,33.0,718635.05,128192340
11/10/2021 11:23:30,0.1,845.24,1263652864,30.0,9.0,0.0,33.0,718635.05,128192340
11/10/2021 11:23:41,0.1,812.08,1263845376,30.0,9.0,0.0,33.0,718635.05,128192340
11/10/2021 11:23:51,0.1,855.56,1263910912,31.0,9.0,0.0,33.0,718635.05,128192340
11/10/2021 11:24:01,0.1,911.26,1263939584,29.0,9.0,0.0,33.0,718635.05,128192340
11/10/2021 11:24:12,0.1,815.25,1263673344,30.0,9.0,0.0,33.0,718635.05,128192340
11/10/2021 11:24:22,0.1,907.1,1263091712,31.0,9.0,0.0,33.0,718635.05,128192340
11/10/2021 11:24:32,0.1,806.57,1262346240,30.0,9.0,0.0,33.0,718635.05,128192340
11/10/2021 11:24:43,0.1,816.02,1262338048,31.0,9.0,0.0,33.0,718635.05,128192340
11/10/2021 11:24:53,0.1,823.14,1262080000,30.0,9.0,0.0,33.0,718635.05,128192340
11/10/2021 11:25:03,0.1,855.9,1262743552,30.0,9.0,0.0,33.0,718635.05,128192340
11/10/2021 11:25:14,0.1,835.03,1262268416,31.0,9.0,0.0,33.0,718635.05,128192340
11/10/2021 11:25:24,0.1,854.37,1262657536,30.0,9.0,0.0,33.0,718635.05,128192340
11/10/2021 11:25:35,0.1,838.27,1263210496,32.0,9.0,0.0,32.0,718635.05,128192340
11/10/2021 11:25:45,0.1,883.68,1263210496,30.0,9.0,0.0,33.0,718635.05,128192340
11/10/2021 11:25:55,0.1,871.97,1262305280,30.0,9.0,0.0,33.0,718635.05,128192340
11/10/2021 11:26:05,0.1,808.83,1262366720,29.0,9.0,0.0,32.0,718635.05,128192340
11/10/2021 11:26:16,0.1,808.63,1263140864,30.0,9.0,0.0,33.0,718635.05,128192340
11/10/2021 11:26:26,0.1,855.22,1262399488,30.0,9.0,0.0,33.0,718635.05,128192340
11/10/2021 11:26:37,0.1,865.83,1262379008,31.0,9.0,0.0,33.0,718635.05,128192340
11/10/2021 11:26:47,0.1,906.29,1262366720,30.0,9.0,0.0,33.0,718635.05,128192340
11/10/2021 11:26:57,0.2,856.89,1262809088,31.0,9.0,0.0,33.0,718635.05,128192340
11/10/2021 11:27:08,0.1,865.39,1262063616,29.0,9.0,0.0,33.0,718635.05,128192340
11/10/2021 11:27:18,0.1,816.53,1261830144,30.0,9.0,0.0,33.0,718635.05,128192340
11/10/2021 11:27:28,0.2,849.92,1261772800,30.0,9.0,0.0,33.0,718635.05,128373307
11/10/2021 11:27:39,0.6,825.44,1261551616,30.0,9.0,0.0,32.0,718635.05,128373307
11/10/2021 11:27:49,0.7,829.39,1262624768,31.0,9.0,0.0,32.0,718635.05,128373307
11/10/2021 11:27:59,0.5,849.54,1262301184,31.0,9.0,0.0,32.0,718635.05,128373307
11/10/2021 11:28:10,0.4,854.86,1262137344,30.0,9.0,0.0,32.0,718635.05,128373307
11/10/2021 11:28:20,0.1,816.8,1262137344,30.0,9.0,0.0,33.0,718635.05,128373307
11/10/2021 11:28:30,0.1,815.88,1262399488,29.0,9.0,0.0,32.0,718635.05,128373307
11/10/2021 11:28:41,0.1,868.58,1262141440,31.0,9.0,0.0,33.0,718635.05,128373307
11/10/2021 11:28:51,0.1,835.33,1262915584,30.0,9.0,0.0,32.0,718635.05,128373307
11/10/2021 11:29:01,0.1,848.1,1262813184,31.0,9.0,0.0,32.0,718635.05,128373307
11/10/2021 11:29:12,0.1,927.35,1262854144,30.0,9.0,0.0,32.0,718635.05,128373307
11/10/2021 11:29:22,0.1,816.81,1262362624,29.0,9.0,0.0,32.0,718635.05,128373307
11/10/2021 11:29:32,0.1,816.9,1263149056,30.0,9.0,0.0,33.0,718635.05,128373307
11/10/2021 11:29:43,0.1,826.65,1262665728,31.0,9.0,0.0,32.0,718635.05,128373307
11/10/2021 11:29:53,0.1,820.65,1262407680,31.0,9.0,0.0,32.0,718635.05,128373307
11/10/2021 11:30:03,0.1,822.5,1262370816,30.0,9.0,0.0,32.0,718635.05,128373307
11/10/2021 11:30:14,0.1,855.68,1262395392,30.0,9.0,0.0,32.0,718635.05,128373307
11/10/2021 11:30:24,0.1,824.25,1262112768,31.0,9.0,0.0,32.0,718635.05,128373307
11/10/2021 11:30:34,0.1,838.73,1261826048,31.0,9.0,0.0,32.0,479090.03,128373307
11/10/2021 11:30:45,0.1,840.43,1261277184,30.0,9.0,0.0,32.0,479090.03,128373307
11/10/2021 11:30:55,0.1,904.45,1261858816,30.0,9.0,0.0,32.0,479090.03,128373307
11/10/2021 11:31:06,0.1,829.87,1261854720,30.0,9.0,0.0,32.0,479090.03,128373307
11/10/2021 11:31:16,0.1,833.15,1262112768,29.0,9.0,0.0,32.0,479090.03,128373307
11/10/2021 11:31:26,0.1,811.08,1261821952,30.0,9.0,0.0,32.0,479090.03,128373307
11/10/2021 11:31:36,0.1,912.87,1262600192,30.0,9.0,0.0,32.0,479090.03,128644815
11/10/2021 11:31:47,0.1,823.28,1264173056,30.0,9.0,0.0,32.0,479090.03,128644815
11/10/2021 11:31:58,0.1,849.6,1264648192,30.0,9.0,0.0,32.0,479090.03,128644815
11/10/2021 11:32:08,0.1,812.95,1264844800,30.0,9.0,0.0,32.0,479090.03,128644815
11/10/2021 11:32:18,0.1,967.5,1264136192,31.0,9.0,0.0,32.0,479090.03,128644815
11/10/2021 11:32:29,0.1,824.58,1264427008,31.0,9.0,0.0,32.0,479090.03,128644815
11/10/2021 11:32:39,0.1,820.42,1264431104,29.0,9.0,0.0,32.0,479090.03,128644815
11/10/2021 11:32:49,0.1,826.05,1264107520,31.0,9.0,0.0,32.0,479090.03,128644815
11/10/2021 11:33:00,0.1,829.09,1263882240,29.0,9.0,0.0,32.0,479090.03,128644815
11/10/2021 11:33:10,0.1,881.31,1263620096,30.0,9.0,0.0,32.0,479090.03,128644815
11/10/2021 11:33:20,0.1,808.95,1263104000,31.0,9.0,0.0,32.0,479090.03,128644815
11/10/2021 11:33:31,0.1,1097.96,1263173632,31.0,9.0,0.0,32.0,479090.03,128644815
11/10/2021 11:33:41,0.1,1097.79,1262907392,31.0,9.0,0.0,32.0,479090.03,128644815
11/10/2021 11:33:51,0.4,1097.93,1262821376,29.0,9.0,0.0,32.0,479090.03,128644815
11/10/2021 11:34:02,0.2,842.48,1262067712,30.0,9.0,0.0,32.0,479090.03,128644815
11/10/2021 11:34:12,0.1,905.69,1262837760,31.0,9.0,0.0,32.0,479090.03,128644815
11/10/2021 11:34:22,0.1,838.8,1263153152,31.0,9.0,0.0,32.0,479090.03,128644815
11/10/2021 11:34:33,0.1,844.54,1262866432,30.0,9.0,0.0,32.0,479090.03,128644815
11/10/2021 11:34:43,0.1,848.1,1263349760,30.0,9.0,0.0,32.0,479090.03,128644815
11/10/2021 11:34:54,0.1,818.93,1264349184,31.0,9.0,0.0,32.0,479090.03,128644815
11/10/2021 11:35:04,0.1,828.73,1264111616,30.0,9.0,0.0,32.0,479090.03,128644815
11/10/2021 11:35:14,0.1,855.35,1264603136,31.0,9.0,0.0,32.0,479090.03,128644815
11/10/2021 11:35:24,0.1,847.08,1264345088,30.0,9.0,0.0,32.0,479090.03,128644815
11/10/2021 11:35:35,0.1,821.87,1264766976,30.0,9.0,0.0,32.0,479090.03,128644815
11/10/2021 11:35:45,0.1,853.42,1264316416,29.0,9.0,0.0,32.0,479090.03,128644815
11/10/2021 11:35:56,0.1,816.28,1264324608,30.0,9.0,0.0,32.0,479090.03,128644815
11/10/2021 11:36:06,0.1,807.48,1263579136,30.0,9.0,0.0,32.0,479090.03,128644815
11/10/2021 11:36:16,0.1,824.64,1264021504,30.0,9.0,0.0,32.0,479090.03,128644815
11/10/2021 11:36:27,0.1,817.04,1264021504,30.0,9.0,0.0,32.0,479090.03,128644815
11/10/2021 11:36:37,0.1,820.28,1263702016,29.0,9.0,0.0,32.0,479090.03,128644815
11/10/2021 11:36:47,0.1,2168.25,1263751168,30.0,9.0,0.0,32.0,479090.03,129278234
11/10/2021 11:36:58,0.2,834.83,1263976448,30.0,9.0,0.0,32.0,479090.03,129278234
11/10/2021 11:37:08,0.1,867.69,1263972352,29.0,9.0,0.0,32.0,479090.03,129278234
11/10/2021 11:37:18,0.1,816.36,1263648768,29.0,9.0,0.0,32.0,479090.03,129278234
11/10/2021 11:37:29,0.1,1098.02,1263198208,31.0,9.0,0.0,32.0,479090.03,129278234
11/10/2021 11:37:39,0.1,842.08,1262977024,30.0,9.0,0.0,32.0,479090.03,129278234
11/10/2021 11:37:49,0.1,877.12,1262645248,29.0,9.0,0.0,32.0,479090.03,129278234
11/10/2021 11:38:00,0.1,875.75,1263218688,29.0,9.0,0.0,32.0,479090.03,129278234
11/10/2021 11:38:10,0.1,2592.11,1262940160,30.0,9.0,0.0,32.0,479090.03,129278234
11/10/2021 11:38:20,0.1,826.05,1263398912,29.0,9.0,0.0,32.0,479090.03,129278234
11/10/2021 11:38:31,0.1,854.01,1263435776,29.0,9.0,0.0,32.0,479090.03,129278234
11/10/2021 11:38:41,0.1,858.11,1263435776,29.0,9.0,0.0,32.0,479090.03,129278234
11/10/2021 11:38:51,0.1,879.72,1263693824,30.0,9.0,0.0,32.0,479090.03,129278234
11/10/2021 11:39:02,0.1,842.26,1263366144,30.0,9.0,0.0,32.0,479090.03,129278234
11/10/2021 11:39:12,0.1,823.54,1263140864,30.0,9.0,0.0,32.0,479090.03,129278234
11/10/2021 11:39:23,0.1,818.64,1263464448,29.0,9.0,0.0,32.0,479090.03,129278234
11/10/2021 11:39:33,0.1,969.61,1262985216,31.0,9.0,0.0,32.0,479090.03,129278234
11/10/2021 11:39:43,0.1,816.44,1262985216,29.0,9.0,0.0,32.0,479090.03,129278234
11/10/2021 11:39:53,0.1,830.32,1262501888,30.0,9.0,0.0,32.0,479090.03,129278234
11/10/2021 11:40:04,0.1,815.89,1262714880,30.0,9.0,0.0,32.0,479090.03,129278234
